origen,nuevo_nombre
C:\Users\lautaro.iriart\Desktop\Procesamiento de imagenes digitales\imagenes\1\OCR_Placa.jpg,1.jpg
C:\Users\lautaro.iriart\Desktop\Procesamiento de imagenes digitales\imagenes\10\OCR_Placa.jpg,2.jpg
C:\Users\lautaro.iriart\Desktop\Procesamiento de imagenes digitales\imagenes\100\OCR_Placa.jpg,3.jpg
C:\Users\lautaro.iriart\Desktop\Procesamiento de imagenes digitales\imagenes\101\OCR_Placa.jpg,4.jpg
C:\Users\lautaro.iriart\Desktop\Procesamiento de imagenes digitales\imagenes\102\OCR_Placa.jpg,5.jpg
C:\Users\lautaro.iriart\Desktop\Procesamiento de imagenes digitales\imagenes\104\OCR_Placa.jpg,6.jpg
C:\Users\lautaro.iriart\Desktop\Procesamiento de imagenes digitales\imagenes\105\OCR_Placa.jpg,7.jpg
C:\Users\lautaro.iriart\Desktop\Procesamiento de imagenes digitales\imagenes\107\OCR_Placa.jpg,8.jpg
C:\Users\lautaro.iriart\Desktop\Procesamiento de imagenes digitales\imagenes\108\OCR_Placa.jpg,9.jpg
C:\Users\lautaro.iriart\Desktop\Procesamiento de imagenes digitales\imagenes\109\OCR_Placa.jpg,10.jpg
C:\Users\lautaro.iriart\Desktop\Procesamiento de imagenes digitales\imagenes\110\OCR_Placa.jpg,11.jpg
C:\Users\lautaro.iriart\Desktop\Procesamiento de imagenes digitales\imagenes\111\OCR_Placa.jpg,12.jpg
C:\Users\lautaro.iriart\Desktop\Procesamiento de imagenes digitales\imagenes\112\OCR_Placa.jpg,13.jpg
C:\Users\lautaro.iriart\Desktop\Procesamiento de imagenes digitales\imagenes\113\OCR_Placa.jpg,14.jpg
C:\Users\lautaro.iriart\Desktop\Procesamiento de imagenes digitales\imagenes\114\OCR_Placa.jpg,15.jpg
C:\Users\lautaro.iriart\Desktop\Procesamiento de imagenes digitales\imagenes\115\OCR_Placa.jpg,16.jpg
C:\Users\lautaro.iriart\Desktop\Procesamiento de imagenes digitales\imagenes\116\OCR_Placa.jpg,17.jpg
C:\Users\lautaro.iriart\Desktop\Procesamiento de imagenes digitales\imagenes\117\OCR_Placa.jpg,18.jpg
C:\Users\lautaro.iriart\Desktop\Procesamiento de imagenes digitales\imagenes\118\OCR_Placa.jpg,19.jpg
C:\Users\lautaro.iriart\Desktop\Procesamiento de imagenes digitales\imagenes\119\OCR_Placa.jpg,20.jpg
C:\Users\lautaro.iriart\Desktop\Procesamiento de imagenes digitales\imagenes\12\OCR_Placa.jpg,21.jpg
C:\Users\lautaro.iriart\Desktop\Procesamiento de imagenes digitales\imagenes\120\OCR_Placa.jpg,22.jpg
C:\Users\lautaro.iriart\Desktop\Procesamiento de imagenes digitales\imagenes\121\OCR_Placa.jpg,23.jpg
C:\Users\lautaro.iriart\Desktop\Procesamiento de imagenes digitales\imagenes\122\OCR_Placa.jpg,24.jpg
C:\Users\lautaro.iriart\Desktop\Procesamiento de imagenes digitales\imagenes\123\OCR_Placa.jpg,25.jpg
C:\Users\lautaro.iriart\Desktop\Procesamiento de imagenes digitales\imagenes\124\OCR_Placa.jpg,26.jpg
C:\Users\lautaro.iriart\Desktop\Procesamiento de imagenes digitales\imagenes\125\OCR_Placa.jpg,27.jpg
C:\Users\lautaro.iriart\Desktop\Procesamiento de imagenes digitales\imagenes\126\OCR_Placa.jpg,28.jpg
C:\Users\lautaro.iriart\Desktop\Procesamiento de imagenes digitales\imagenes\127\OCR_Placa.jpg,29.jpg
C:\Users\lautaro.iriart\Desktop\Procesamiento de imagenes digitales\imagenes\128\OCR_Placa.jpg,30.jpg
C:\Users\lautaro.iriart\Desktop\Procesamiento de imagenes digitales\imagenes\129\OCR_Placa.jpg,31.jpg
C:\Users\lautaro.iriart\Desktop\Procesamiento de imagenes digitales\imagenes\13\OCR_Placa.jpg,32.jpg
C:\Users\lautaro.iriart\Desktop\Procesamiento de imagenes digitales\imagenes\130\OCR_Placa.jpg,33.jpg
C:\Users\lautaro.iriart\Desktop\Procesamiento de imagenes digitales\imagenes\131\OCR_Placa.jpg,34.jpg
C:\Users\lautaro.iriart\Desktop\Procesamiento de imagenes digitales\imagenes\132\OCR_Placa.jpg,35.jpg
C:\Users\lautaro.iriart\Desktop\Procesamiento de imagenes digitales\imagenes\134\OCR_Placa.jpg,36.jpg
C:\Users\lautaro.iriart\Desktop\Procesamiento de imagenes digitales\imagenes\135\OCR_Placa.jpg,37.jpg
C:\Users\lautaro.iriart\Desktop\Procesamiento de imagenes digitales\imagenes\136\OCR_Placa.jpg,38.jpg
C:\Users\lautaro.iriart\Desktop\Procesamiento de imagenes digitales\imagenes\137\OCR_Placa.jpg,39.jpg
C:\Users\lautaro.iriart\Desktop\Procesamiento de imagenes digitales\imagenes\138\OCR_Placa.jpg,40.jpg
C:\Users\lautaro.iriart\Desktop\Procesamiento de imagenes digitales\imagenes\139\OCR_Placa.jpg,41.jpg
C:\Users\lautaro.iriart\Desktop\Procesamiento de imagenes digitales\imagenes\14\OCR_Placa.jpg,42.jpg
C:\Users\lautaro.iriart\Desktop\Procesamiento de imagenes digitales\imagenes\140\OCR_Placa.jpg,43.jpg
C:\Users\lautaro.iriart\Desktop\Procesamiento de imagenes digitales\imagenes\141\OCR_Placa.jpg,44.jpg
C:\Users\lautaro.iriart\Desktop\Procesamiento de imagenes digitales\imagenes\142\OCR_Placa.jpg,45.jpg
C:\Users\lautaro.iriart\Desktop\Procesamiento de imagenes digitales\imagenes\143\OCR_Placa.jpg,46.jpg
C:\Users\lautaro.iriart\Desktop\Procesamiento de imagenes digitales\imagenes\144\OCR_Placa.jpg,47.jpg
C:\Users\lautaro.iriart\Desktop\Procesamiento de imagenes digitales\imagenes\145\OCR_Placa.jpg,48.jpg
C:\Users\lautaro.iriart\Desktop\Procesamiento de imagenes digitales\imagenes\147\OCR_Placa.jpg,49.jpg
C:\Users\lautaro.iriart\Desktop\Procesamiento de imagenes digitales\imagenes\149\OCR_Placa.jpg,50.jpg
C:\Users\lautaro.iriart\Desktop\Procesamiento de imagenes digitales\imagenes\15\OCR_Placa.jpg,51.jpg
C:\Users\lautaro.iriart\Desktop\Procesamiento de imagenes digitales\imagenes\150\OCR_Placa.jpg,52.jpg
C:\Users\lautaro.iriart\Desktop\Procesamiento de imagenes digitales\imagenes\151\OCR_Placa.jpg,53.jpg
C:\Users\lautaro.iriart\Desktop\Procesamiento de imagenes digitales\imagenes\152\OCR_Placa.jpg,54.jpg
C:\Users\lautaro.iriart\Desktop\Procesamiento de imagenes digitales\imagenes\154\OCR_Placa.jpg,55.jpg
C:\Users\lautaro.iriart\Desktop\Procesamiento de imagenes digitales\imagenes\156\OCR_Placa.jpg,56.jpg
C:\Users\lautaro.iriart\Desktop\Procesamiento de imagenes digitales\imagenes\157\OCR_Placa.jpg,57.jpg
C:\Users\lautaro.iriart\Desktop\Procesamiento de imagenes digitales\imagenes\158\OCR_Placa.jpg,58.jpg
C:\Users\lautaro.iriart\Desktop\Procesamiento de imagenes digitales\imagenes\159\OCR_Placa.jpg,59.jpg
C:\Users\lautaro.iriart\Desktop\Procesamiento de imagenes digitales\imagenes\16\OCR_Placa.jpg,60.jpg
C:\Users\lautaro.iriart\Desktop\Procesamiento de imagenes digitales\imagenes\160\OCR_Placa.jpg,61.jpg
C:\Users\lautaro.iriart\Desktop\Procesamiento de imagenes digitales\imagenes\162\OCR_Placa.jpg,62.jpg
C:\Users\lautaro.iriart\Desktop\Procesamiento de imagenes digitales\imagenes\163\OCR_Placa.jpg,63.jpg
C:\Users\lautaro.iriart\Desktop\Procesamiento de imagenes digitales\imagenes\164\OCR_Placa.jpg,64.jpg
C:\Users\lautaro.iriart\Desktop\Procesamiento de imagenes digitales\imagenes\165\OCR_Placa.jpg,65.jpg
C:\Users\lautaro.iriart\Desktop\Procesamiento de imagenes digitales\imagenes\166\OCR_Placa.jpg,66.jpg
C:\Users\lautaro.iriart\Desktop\Procesamiento de imagenes digitales\imagenes\167\OCR_Placa.jpg,67.jpg
C:\Users\lautaro.iriart\Desktop\Procesamiento de imagenes digitales\imagenes\168\OCR_Placa.jpg,68.jpg
C:\Users\lautaro.iriart\Desktop\Procesamiento de imagenes digitales\imagenes\169\OCR_Placa.jpg,69.jpg
C:\Users\lautaro.iriart\Desktop\Procesamiento de imagenes digitales\imagenes\17\OCR_Placa.jpg,70.jpg
C:\Users\lautaro.iriart\Desktop\Procesamiento de imagenes digitales\imagenes\170\OCR_Placa.jpg,71.jpg
C:\Users\lautaro.iriart\Desktop\Procesamiento de imagenes digitales\imagenes\171\OCR_Placa.jpg,72.jpg
C:\Users\lautaro.iriart\Desktop\Procesamiento de imagenes digitales\imagenes\173\OCR_Placa.jpg,73.jpg
C:\Users\lautaro.iriart\Desktop\Procesamiento de imagenes digitales\imagenes\174\OCR_Placa.jpg,74.jpg
C:\Users\lautaro.iriart\Desktop\Procesamiento de imagenes digitales\imagenes\175\OCR_Placa.jpg,75.jpg
C:\Users\lautaro.iriart\Desktop\Procesamiento de imagenes digitales\imagenes\176\OCR_Placa.jpg,76.jpg
C:\Users\lautaro.iriart\Desktop\Procesamiento de imagenes digitales\imagenes\177\OCR_Placa.jpg,77.jpg
C:\Users\lautaro.iriart\Desktop\Procesamiento de imagenes digitales\imagenes\178\OCR_Placa.jpg,78.jpg
C:\Users\lautaro.iriart\Desktop\Procesamiento de imagenes digitales\imagenes\179\OCR_Placa.jpg,79.jpg
C:\Users\lautaro.iriart\Desktop\Procesamiento de imagenes digitales\imagenes\18\OCR_Placa.jpg,80.jpg
C:\Users\lautaro.iriart\Desktop\Procesamiento de imagenes digitales\imagenes\180\OCR_Placa.jpg,81.jpg
C:\Users\lautaro.iriart\Desktop\Procesamiento de imagenes digitales\imagenes\181\OCR_Placa.jpg,82.jpg
C:\Users\lautaro.iriart\Desktop\Procesamiento de imagenes digitales\imagenes\182\OCR_Placa.jpg,83.jpg
C:\Users\lautaro.iriart\Desktop\Procesamiento de imagenes digitales\imagenes\183\OCR_Placa.jpg,84.jpg
C:\Users\lautaro.iriart\Desktop\Procesamiento de imagenes digitales\imagenes\184\OCR_Placa.jpg,85.jpg
C:\Users\lautaro.iriart\Desktop\Procesamiento de imagenes digitales\imagenes\185\OCR_Placa.jpg,86.jpg
C:\Users\lautaro.iriart\Desktop\Procesamiento de imagenes digitales\imagenes\187\OCR_Placa.jpg,87.jpg
C:\Users\lautaro.iriart\Desktop\Procesamiento de imagenes digitales\imagenes\188\OCR_Placa.jpg,88.jpg
C:\Users\lautaro.iriart\Desktop\Procesamiento de imagenes digitales\imagenes\189\OCR_Placa.jpg,89.jpg
C:\Users\lautaro.iriart\Desktop\Procesamiento de imagenes digitales\imagenes\190\OCR_Placa.jpg,90.jpg
C:\Users\lautaro.iriart\Desktop\Procesamiento de imagenes digitales\imagenes\191\OCR_Placa.jpg,91.jpg
C:\Users\lautaro.iriart\Desktop\Procesamiento de imagenes digitales\imagenes\192\OCR_Placa.jpg,92.jpg
C:\Users\lautaro.iriart\Desktop\Procesamiento de imagenes digitales\imagenes\193\OCR_Placa.jpg,93.jpg
C:\Users\lautaro.iriart\Desktop\Procesamiento de imagenes digitales\imagenes\194\OCR_Placa.jpg,94.jpg
C:\Users\lautaro.iriart\Desktop\Procesamiento de imagenes digitales\imagenes\195\OCR_Placa.jpg,95.jpg
C:\Users\lautaro.iriart\Desktop\Procesamiento de imagenes digitales\imagenes\196\OCR_Placa.jpg,96.jpg
C:\Users\lautaro.iriart\Desktop\Procesamiento de imagenes digitales\imagenes\197\OCR_Placa.jpg,97.jpg
C:\Users\lautaro.iriart\Desktop\Procesamiento de imagenes digitales\imagenes\198\OCR_Placa.jpg,98.jpg
C:\Users\lautaro.iriart\Desktop\Procesamiento de imagenes digitales\imagenes\199\OCR_Placa.jpg,99.jpg
C:\Users\lautaro.iriart\Desktop\Procesamiento de imagenes digitales\imagenes\20\OCR_Placa.jpg,100.jpg
C:\Users\lautaro.iriart\Desktop\Procesamiento de imagenes digitales\imagenes\200\OCR_Placa.jpg,101.jpg
C:\Users\lautaro.iriart\Desktop\Procesamiento de imagenes digitales\imagenes\201\OCR_Placa.jpg,102.jpg
C:\Users\lautaro.iriart\Desktop\Procesamiento de imagenes digitales\imagenes\202\OCR_Placa.jpg,103.jpg
C:\Users\lautaro.iriart\Desktop\Procesamiento de imagenes digitales\imagenes\203\OCR_Placa.jpg,104.jpg
C:\Users\lautaro.iriart\Desktop\Procesamiento de imagenes digitales\imagenes\204\OCR_Placa.jpg,105.jpg
C:\Users\lautaro.iriart\Desktop\Procesamiento de imagenes digitales\imagenes\205\OCR_Placa.jpg,106.jpg
C:\Users\lautaro.iriart\Desktop\Procesamiento de imagenes digitales\imagenes\206\OCR_Placa.jpg,107.jpg
C:\Users\lautaro.iriart\Desktop\Procesamiento de imagenes digitales\imagenes\208\OCR_Placa.jpg,108.jpg
C:\Users\lautaro.iriart\Desktop\Procesamiento de imagenes digitales\imagenes\209\OCR_Placa.jpg,109.jpg
C:\Users\lautaro.iriart\Desktop\Procesamiento de imagenes digitales\imagenes\21\OCR_Placa.jpg,110.jpg
C:\Users\lautaro.iriart\Desktop\Procesamiento de imagenes digitales\imagenes\210\OCR_Placa.jpg,111.jpg
C:\Users\lautaro.iriart\Desktop\Procesamiento de imagenes digitales\imagenes\211\OCR_Placa.jpg,112.jpg
C:\Users\lautaro.iriart\Desktop\Procesamiento de imagenes digitales\imagenes\212\OCR_Placa.jpg,113.jpg
C:\Users\lautaro.iriart\Desktop\Procesamiento de imagenes digitales\imagenes\213\OCR_Placa.jpg,114.jpg
C:\Users\lautaro.iriart\Desktop\Procesamiento de imagenes digitales\imagenes\214\OCR_Placa.jpg,115.jpg
C:\Users\lautaro.iriart\Desktop\Procesamiento de imagenes digitales\imagenes\215\OCR_Placa.jpg,116.jpg
C:\Users\lautaro.iriart\Desktop\Procesamiento de imagenes digitales\imagenes\216\OCR_Placa.jpg,117.jpg
C:\Users\lautaro.iriart\Desktop\Procesamiento de imagenes digitales\imagenes\217\OCR_Placa.jpg,118.jpg
C:\Users\lautaro.iriart\Desktop\Procesamiento de imagenes digitales\imagenes\218\OCR_Placa.jpg,119.jpg
C:\Users\lautaro.iriart\Desktop\Procesamiento de imagenes digitales\imagenes\219\OCR_Placa.jpg,120.jpg
C:\Users\lautaro.iriart\Desktop\Procesamiento de imagenes digitales\imagenes\22\OCR_Placa.jpg,121.jpg
C:\Users\lautaro.iriart\Desktop\Procesamiento de imagenes digitales\imagenes\220\OCR_Placa.jpg,122.jpg
C:\Users\lautaro.iriart\Desktop\Procesamiento de imagenes digitales\imagenes\222\OCR_Placa.jpg,123.jpg
C:\Users\lautaro.iriart\Desktop\Procesamiento de imagenes digitales\imagenes\223\OCR_Placa.jpg,124.jpg
C:\Users\lautaro.iriart\Desktop\Procesamiento de imagenes digitales\imagenes\224\OCR_Placa.jpg,125.jpg
C:\Users\lautaro.iriart\Desktop\Procesamiento de imagenes digitales\imagenes\225\OCR_Placa.jpg,126.jpg
C:\Users\lautaro.iriart\Desktop\Procesamiento de imagenes digitales\imagenes\226\OCR_Placa.jpg,127.jpg
C:\Users\lautaro.iriart\Desktop\Procesamiento de imagenes digitales\imagenes\227\OCR_Placa.jpg,128.jpg
C:\Users\lautaro.iriart\Desktop\Procesamiento de imagenes digitales\imagenes\228\OCR_Placa.jpg,129.jpg
C:\Users\lautaro.iriart\Desktop\Procesamiento de imagenes digitales\imagenes\229\OCR_Placa.jpg,130.jpg
C:\Users\lautaro.iriart\Desktop\Procesamiento de imagenes digitales\imagenes\23\OCR_Placa.jpg,131.jpg
C:\Users\lautaro.iriart\Desktop\Procesamiento de imagenes digitales\imagenes\231\OCR_Placa.jpg,132.jpg
C:\Users\lautaro.iriart\Desktop\Procesamiento de imagenes digitales\imagenes\232\OCR_Placa.jpg,133.jpg
C:\Users\lautaro.iriart\Desktop\Procesamiento de imagenes digitales\imagenes\233\OCR_Placa.jpg,134.jpg
C:\Users\lautaro.iriart\Desktop\Procesamiento de imagenes digitales\imagenes\234\OCR_Placa.jpg,135.jpg
C:\Users\lautaro.iriart\Desktop\Procesamiento de imagenes digitales\imagenes\235\OCR_Placa.jpg,136.jpg
C:\Users\lautaro.iriart\Desktop\Procesamiento de imagenes digitales\imagenes\236\OCR_Placa.jpg,137.jpg
C:\Users\lautaro.iriart\Desktop\Procesamiento de imagenes digitales\imagenes\237\OCR_Placa.jpg,138.jpg
C:\Users\lautaro.iriart\Desktop\Procesamiento de imagenes digitales\imagenes\238\OCR_Placa.jpg,139.jpg
C:\Users\lautaro.iriart\Desktop\Procesamiento de imagenes digitales\imagenes\239\OCR_Placa.jpg,140.jpg
C:\Users\lautaro.iriart\Desktop\Procesamiento de imagenes digitales\imagenes\240\OCR_Placa.jpg,141.jpg
C:\Users\lautaro.iriart\Desktop\Procesamiento de imagenes digitales\imagenes\241\OCR_Placa.jpg,142.jpg
C:\Users\lautaro.iriart\Desktop\Procesamiento de imagenes digitales\imagenes\242\OCR_Placa.jpg,143.jpg
C:\Users\lautaro.iriart\Desktop\Procesamiento de imagenes digitales\imagenes\243\OCR_Placa.jpg,144.jpg
C:\Users\lautaro.iriart\Desktop\Procesamiento de imagenes digitales\imagenes\244\OCR_Placa.jpg,145.jpg
C:\Users\lautaro.iriart\Desktop\Procesamiento de imagenes digitales\imagenes\245\OCR_Placa.jpg,146.jpg
C:\Users\lautaro.iriart\Desktop\Procesamiento de imagenes digitales\imagenes\246\OCR_Placa.jpg,147.jpg
C:\Users\lautaro.iriart\Desktop\Procesamiento de imagenes digitales\imagenes\247\OCR_Placa.jpg,148.jpg
C:\Users\lautaro.iriart\Desktop\Procesamiento de imagenes digitales\imagenes\248\OCR_Placa.jpg,149.jpg
C:\Users\lautaro.iriart\Desktop\Procesamiento de imagenes digitales\imagenes\249\OCR_Placa.jpg,150.jpg
C:\Users\lautaro.iriart\Desktop\Procesamiento de imagenes digitales\imagenes\25\OCR_Placa.jpg,151.jpg
C:\Users\lautaro.iriart\Desktop\Procesamiento de imagenes digitales\imagenes\250\OCR_Placa.jpg,152.jpg
C:\Users\lautaro.iriart\Desktop\Procesamiento de imagenes digitales\imagenes\251\OCR_Placa.jpg,153.jpg
C:\Users\lautaro.iriart\Desktop\Procesamiento de imagenes digitales\imagenes\252\OCR_Placa.jpg,154.jpg
C:\Users\lautaro.iriart\Desktop\Procesamiento de imagenes digitales\imagenes\253\OCR_Placa.jpg,155.jpg
C:\Users\lautaro.iriart\Desktop\Procesamiento de imagenes digitales\imagenes\254\OCR_Placa.jpg,156.jpg
C:\Users\lautaro.iriart\Desktop\Procesamiento de imagenes digitales\imagenes\255\OCR_Placa.jpg,157.jpg
C:\Users\lautaro.iriart\Desktop\Procesamiento de imagenes digitales\imagenes\256\OCR_Placa.jpg,158.jpg
C:\Users\lautaro.iriart\Desktop\Procesamiento de imagenes digitales\imagenes\257\OCR_Placa.jpg,159.jpg
C:\Users\lautaro.iriart\Desktop\Procesamiento de imagenes digitales\imagenes\258\OCR_Placa.jpg,160.jpg
C:\Users\lautaro.iriart\Desktop\Procesamiento de imagenes digitales\imagenes\259\OCR_Placa.jpg,161.jpg
C:\Users\lautaro.iriart\Desktop\Procesamiento de imagenes digitales\imagenes\260\OCR_Placa.jpg,162.jpg
C:\Users\lautaro.iriart\Desktop\Procesamiento de imagenes digitales\imagenes\261\OCR_Placa.jpg,163.jpg
C:\Users\lautaro.iriart\Desktop\Procesamiento de imagenes digitales\imagenes\262\OCR_Placa.jpg,164.jpg
C:\Users\lautaro.iriart\Desktop\Procesamiento de imagenes digitales\imagenes\263\OCR_Placa.jpg,165.jpg
C:\Users\lautaro.iriart\Desktop\Procesamiento de imagenes digitales\imagenes\264\OCR_Placa.jpg,166.jpg
C:\Users\lautaro.iriart\Desktop\Procesamiento de imagenes digitales\imagenes\265\OCR_Placa.jpg,167.jpg
C:\Users\lautaro.iriart\Desktop\Procesamiento de imagenes digitales\imagenes\266\OCR_Placa.jpg,168.jpg
C:\Users\lautaro.iriart\Desktop\Procesamiento de imagenes digitales\imagenes\268\OCR_Placa.jpg,169.jpg
C:\Users\lautaro.iriart\Desktop\Procesamiento de imagenes digitales\imagenes\269\OCR_Placa.jpg,170.jpg
C:\Users\lautaro.iriart\Desktop\Procesamiento de imagenes digitales\imagenes\27\OCR_Placa.jpg,171.jpg
C:\Users\lautaro.iriart\Desktop\Procesamiento de imagenes digitales\imagenes\270\OCR_Placa.jpg,172.jpg
C:\Users\lautaro.iriart\Desktop\Procesamiento de imagenes digitales\imagenes\271\OCR_Placa.jpg,173.jpg
C:\Users\lautaro.iriart\Desktop\Procesamiento de imagenes digitales\imagenes\272\OCR_Placa.jpg,174.jpg
C:\Users\lautaro.iriart\Desktop\Procesamiento de imagenes digitales\imagenes\273\OCR_Placa.jpg,175.jpg
C:\Users\lautaro.iriart\Desktop\Procesamiento de imagenes digitales\imagenes\275\OCR_Placa.jpg,176.jpg
C:\Users\lautaro.iriart\Desktop\Procesamiento de imagenes digitales\imagenes\276\OCR_Placa.jpg,177.jpg
C:\Users\lautaro.iriart\Desktop\Procesamiento de imagenes digitales\imagenes\277\OCR_Placa.jpg,178.jpg
C:\Users\lautaro.iriart\Desktop\Procesamiento de imagenes digitales\imagenes\278\OCR_Placa.jpg,179.jpg
C:\Users\lautaro.iriart\Desktop\Procesamiento de imagenes digitales\imagenes\279\OCR_Placa.jpg,180.jpg
C:\Users\lautaro.iriart\Desktop\Procesamiento de imagenes digitales\imagenes\28\OCR_Placa.jpg,181.jpg
C:\Users\lautaro.iriart\Desktop\Procesamiento de imagenes digitales\imagenes\280\OCR_Placa.jpg,182.jpg
C:\Users\lautaro.iriart\Desktop\Procesamiento de imagenes digitales\imagenes\281\OCR_Placa.jpg,183.jpg
C:\Users\lautaro.iriart\Desktop\Procesamiento de imagenes digitales\imagenes\282\OCR_Placa.jpg,184.jpg
C:\Users\lautaro.iriart\Desktop\Procesamiento de imagenes digitales\imagenes\283\OCR_Placa.jpg,185.jpg
C:\Users\lautaro.iriart\Desktop\Procesamiento de imagenes digitales\imagenes\284\OCR_Placa.jpg,186.jpg
C:\Users\lautaro.iriart\Desktop\Procesamiento de imagenes digitales\imagenes\285\OCR_Placa.jpg,187.jpg
C:\Users\lautaro.iriart\Desktop\Procesamiento de imagenes digitales\imagenes\286\OCR_Placa.jpg,188.jpg
C:\Users\lautaro.iriart\Desktop\Procesamiento de imagenes digitales\imagenes\287\OCR_Placa.jpg,189.jpg
C:\Users\lautaro.iriart\Desktop\Procesamiento de imagenes digitales\imagenes\288\OCR_Placa.jpg,190.jpg
C:\Users\lautaro.iriart\Desktop\Procesamiento de imagenes digitales\imagenes\289\OCR_Placa.jpg,191.jpg
C:\Users\lautaro.iriart\Desktop\Procesamiento de imagenes digitales\imagenes\29\OCR_Placa.jpg,192.jpg
C:\Users\lautaro.iriart\Desktop\Procesamiento de imagenes digitales\imagenes\290\OCR_Placa.jpg,193.jpg
C:\Users\lautaro.iriart\Desktop\Procesamiento de imagenes digitales\imagenes\291\OCR_Placa.jpg,194.jpg
C:\Users\lautaro.iriart\Desktop\Procesamiento de imagenes digitales\imagenes\292\OCR_Placa.jpg,195.jpg
C:\Users\lautaro.iriart\Desktop\Procesamiento de imagenes digitales\imagenes\293\OCR_Placa.jpg,196.jpg
C:\Users\lautaro.iriart\Desktop\Procesamiento de imagenes digitales\imagenes\295\OCR_Placa.jpg,197.jpg
C:\Users\lautaro.iriart\Desktop\Procesamiento de imagenes digitales\imagenes\296\OCR_Placa.jpg,198.jpg
C:\Users\lautaro.iriart\Desktop\Procesamiento de imagenes digitales\imagenes\297\OCR_Placa.jpg,199.jpg
C:\Users\lautaro.iriart\Desktop\Procesamiento de imagenes digitales\imagenes\298\OCR_Placa.jpg,200.jpg
C:\Users\lautaro.iriart\Desktop\Procesamiento de imagenes digitales\imagenes\299\OCR_Placa.jpg,201.jpg
C:\Users\lautaro.iriart\Desktop\Procesamiento de imagenes digitales\imagenes\30\OCR_Placa.jpg,202.jpg
C:\Users\lautaro.iriart\Desktop\Procesamiento de imagenes digitales\imagenes\300\OCR_Placa.jpg,203.jpg
C:\Users\lautaro.iriart\Desktop\Procesamiento de imagenes digitales\imagenes\301\OCR_Placa.jpg,204.jpg
C:\Users\lautaro.iriart\Desktop\Procesamiento de imagenes digitales\imagenes\302\OCR_Placa.jpg,205.jpg
C:\Users\lautaro.iriart\Desktop\Procesamiento de imagenes digitales\imagenes\303\OCR_Placa.jpg,206.jpg
C:\Users\lautaro.iriart\Desktop\Procesamiento de imagenes digitales\imagenes\304\OCR_Placa.jpg,207.jpg
C:\Users\lautaro.iriart\Desktop\Procesamiento de imagenes digitales\imagenes\305\OCR_Placa.jpg,208.jpg
C:\Users\lautaro.iriart\Desktop\Procesamiento de imagenes digitales\imagenes\306\OCR_Placa.jpg,209.jpg
C:\Users\lautaro.iriart\Desktop\Procesamiento de imagenes digitales\imagenes\308\OCR_Placa.jpg,210.jpg
C:\Users\lautaro.iriart\Desktop\Procesamiento de imagenes digitales\imagenes\309\OCR_Placa.jpg,211.jpg
C:\Users\lautaro.iriart\Desktop\Procesamiento de imagenes digitales\imagenes\31\OCR_Placa.jpg,212.jpg
C:\Users\lautaro.iriart\Desktop\Procesamiento de imagenes digitales\imagenes\310\OCR_Placa.jpg,213.jpg
C:\Users\lautaro.iriart\Desktop\Procesamiento de imagenes digitales\imagenes\311\OCR_Placa.jpg,214.jpg
C:\Users\lautaro.iriart\Desktop\Procesamiento de imagenes digitales\imagenes\312\OCR_Placa.jpg,215.jpg
C:\Users\lautaro.iriart\Desktop\Procesamiento de imagenes digitales\imagenes\313\OCR_Placa.jpg,216.jpg
C:\Users\lautaro.iriart\Desktop\Procesamiento de imagenes digitales\imagenes\314\OCR_Placa.jpg,217.jpg
C:\Users\lautaro.iriart\Desktop\Procesamiento de imagenes digitales\imagenes\315\OCR_Placa.jpg,218.jpg
C:\Users\lautaro.iriart\Desktop\Procesamiento de imagenes digitales\imagenes\316\OCR_Placa.jpg,219.jpg
C:\Users\lautaro.iriart\Desktop\Procesamiento de imagenes digitales\imagenes\317\OCR_Placa.jpg,220.jpg
C:\Users\lautaro.iriart\Desktop\Procesamiento de imagenes digitales\imagenes\318\OCR_Placa.jpg,221.jpg
C:\Users\lautaro.iriart\Desktop\Procesamiento de imagenes digitales\imagenes\319\OCR_Placa.jpg,222.jpg
C:\Users\lautaro.iriart\Desktop\Procesamiento de imagenes digitales\imagenes\32\OCR_Placa.jpg,223.jpg
C:\Users\lautaro.iriart\Desktop\Procesamiento de imagenes digitales\imagenes\320\OCR_Placa.jpg,224.jpg
C:\Users\lautaro.iriart\Desktop\Procesamiento de imagenes digitales\imagenes\321\OCR_Placa.jpg,225.jpg
C:\Users\lautaro.iriart\Desktop\Procesamiento de imagenes digitales\imagenes\322\OCR_Placa.jpg,226.jpg
C:\Users\lautaro.iriart\Desktop\Procesamiento de imagenes digitales\imagenes\323\OCR_Placa.jpg,227.jpg
C:\Users\lautaro.iriart\Desktop\Procesamiento de imagenes digitales\imagenes\324\OCR_Placa.jpg,228.jpg
C:\Users\lautaro.iriart\Desktop\Procesamiento de imagenes digitales\imagenes\325\OCR_Placa.jpg,229.jpg
C:\Users\lautaro.iriart\Desktop\Procesamiento de imagenes digitales\imagenes\326\OCR_Placa.jpg,230.jpg
C:\Users\lautaro.iriart\Desktop\Procesamiento de imagenes digitales\imagenes\328\OCR_Placa.jpg,231.jpg
C:\Users\lautaro.iriart\Desktop\Procesamiento de imagenes digitales\imagenes\329\OCR_Placa.jpg,232.jpg
C:\Users\lautaro.iriart\Desktop\Procesamiento de imagenes digitales\imagenes\33\OCR_Placa.jpg,233.jpg
C:\Users\lautaro.iriart\Desktop\Procesamiento de imagenes digitales\imagenes\330\OCR_Placa.jpg,234.jpg
C:\Users\lautaro.iriart\Desktop\Procesamiento de imagenes digitales\imagenes\331\OCR_Placa.jpg,235.jpg
C:\Users\lautaro.iriart\Desktop\Procesamiento de imagenes digitales\imagenes\332\OCR_Placa.jpg,236.jpg
C:\Users\lautaro.iriart\Desktop\Procesamiento de imagenes digitales\imagenes\333\OCR_Placa.jpg,237.jpg
C:\Users\lautaro.iriart\Desktop\Procesamiento de imagenes digitales\imagenes\334\OCR_Placa.jpg,238.jpg
C:\Users\lautaro.iriart\Desktop\Procesamiento de imagenes digitales\imagenes\335\OCR_Placa.jpg,239.jpg
C:\Users\lautaro.iriart\Desktop\Procesamiento de imagenes digitales\imagenes\336\OCR_Placa.jpg,240.jpg
C:\Users\lautaro.iriart\Desktop\Procesamiento de imagenes digitales\imagenes\337\OCR_Placa.jpg,241.jpg
C:\Users\lautaro.iriart\Desktop\Procesamiento de imagenes digitales\imagenes\338\OCR_Placa.jpg,242.jpg
C:\Users\lautaro.iriart\Desktop\Procesamiento de imagenes digitales\imagenes\339\OCR_Placa.jpg,243.jpg
C:\Users\lautaro.iriart\Desktop\Procesamiento de imagenes digitales\imagenes\34\OCR_Placa.jpg,244.jpg
C:\Users\lautaro.iriart\Desktop\Procesamiento de imagenes digitales\imagenes\340\OCR_Placa.jpg,245.jpg
C:\Users\lautaro.iriart\Desktop\Procesamiento de imagenes digitales\imagenes\341\OCR_Placa.jpg,246.jpg
C:\Users\lautaro.iriart\Desktop\Procesamiento de imagenes digitales\imagenes\342\OCR_Placa.jpg,247.jpg
C:\Users\lautaro.iriart\Desktop\Procesamiento de imagenes digitales\imagenes\343\OCR_Placa.jpg,248.jpg
C:\Users\lautaro.iriart\Desktop\Procesamiento de imagenes digitales\imagenes\344\OCR_Placa.jpg,249.jpg
C:\Users\lautaro.iriart\Desktop\Procesamiento de imagenes digitales\imagenes\345\OCR_Placa.jpg,250.jpg
C:\Users\lautaro.iriart\Desktop\Procesamiento de imagenes digitales\imagenes\346\OCR_Placa.jpg,251.jpg
C:\Users\lautaro.iriart\Desktop\Procesamiento de imagenes digitales\imagenes\347\OCR_Placa.jpg,252.jpg
C:\Users\lautaro.iriart\Desktop\Procesamiento de imagenes digitales\imagenes\348\OCR_Placa.jpg,253.jpg
C:\Users\lautaro.iriart\Desktop\Procesamiento de imagenes digitales\imagenes\349\OCR_Placa.jpg,254.jpg
C:\Users\lautaro.iriart\Desktop\Procesamiento de imagenes digitales\imagenes\35\OCR_Placa.jpg,255.jpg
C:\Users\lautaro.iriart\Desktop\Procesamiento de imagenes digitales\imagenes\350\OCR_Placa.jpg,256.jpg
C:\Users\lautaro.iriart\Desktop\Procesamiento de imagenes digitales\imagenes\351\OCR_Placa.jpg,257.jpg
C:\Users\lautaro.iriart\Desktop\Procesamiento de imagenes digitales\imagenes\353\OCR_Placa.jpg,258.jpg
C:\Users\lautaro.iriart\Desktop\Procesamiento de imagenes digitales\imagenes\354\OCR_Placa.jpg,259.jpg
C:\Users\lautaro.iriart\Desktop\Procesamiento de imagenes digitales\imagenes\355\OCR_Placa.jpg,260.jpg
C:\Users\lautaro.iriart\Desktop\Procesamiento de imagenes digitales\imagenes\356\OCR_Placa.jpg,261.jpg
C:\Users\lautaro.iriart\Desktop\Procesamiento de imagenes digitales\imagenes\357\OCR_Placa.jpg,262.jpg
C:\Users\lautaro.iriart\Desktop\Procesamiento de imagenes digitales\imagenes\358\OCR_Placa.jpg,263.jpg
C:\Users\lautaro.iriart\Desktop\Procesamiento de imagenes digitales\imagenes\359\OCR_Placa.jpg,264.jpg
C:\Users\lautaro.iriart\Desktop\Procesamiento de imagenes digitales\imagenes\36\OCR_Placa.jpg,265.jpg
C:\Users\lautaro.iriart\Desktop\Procesamiento de imagenes digitales\imagenes\360\OCR_Placa.jpg,266.jpg
C:\Users\lautaro.iriart\Desktop\Procesamiento de imagenes digitales\imagenes\361\OCR_Placa.jpg,267.jpg
C:\Users\lautaro.iriart\Desktop\Procesamiento de imagenes digitales\imagenes\362\OCR_Placa.jpg,268.jpg
C:\Users\lautaro.iriart\Desktop\Procesamiento de imagenes digitales\imagenes\363\OCR_Placa.jpg,269.jpg
C:\Users\lautaro.iriart\Desktop\Procesamiento de imagenes digitales\imagenes\364\OCR_Placa.jpg,270.jpg
C:\Users\lautaro.iriart\Desktop\Procesamiento de imagenes digitales\imagenes\365\OCR_Placa.jpg,271.jpg
C:\Users\lautaro.iriart\Desktop\Procesamiento de imagenes digitales\imagenes\368\OCR_Placa.jpg,272.jpg
C:\Users\lautaro.iriart\Desktop\Procesamiento de imagenes digitales\imagenes\37\OCR_Placa.jpg,273.jpg
C:\Users\lautaro.iriart\Desktop\Procesamiento de imagenes digitales\imagenes\370\OCR_Placa.jpg,274.jpg
C:\Users\lautaro.iriart\Desktop\Procesamiento de imagenes digitales\imagenes\371\OCR_Placa.jpg,275.jpg
C:\Users\lautaro.iriart\Desktop\Procesamiento de imagenes digitales\imagenes\372\OCR_Placa.jpg,276.jpg
C:\Users\lautaro.iriart\Desktop\Procesamiento de imagenes digitales\imagenes\373\OCR_Placa.jpg,277.jpg
C:\Users\lautaro.iriart\Desktop\Procesamiento de imagenes digitales\imagenes\374\OCR_Placa.jpg,278.jpg
C:\Users\lautaro.iriart\Desktop\Procesamiento de imagenes digitales\imagenes\375\OCR_Placa.jpg,279.jpg
C:\Users\lautaro.iriart\Desktop\Procesamiento de imagenes digitales\imagenes\377\OCR_Placa.jpg,280.jpg
C:\Users\lautaro.iriart\Desktop\Procesamiento de imagenes digitales\imagenes\378\OCR_Placa.jpg,281.jpg
C:\Users\lautaro.iriart\Desktop\Procesamiento de imagenes digitales\imagenes\379\OCR_Placa.jpg,282.jpg
C:\Users\lautaro.iriart\Desktop\Procesamiento de imagenes digitales\imagenes\38\OCR_Placa.jpg,283.jpg
C:\Users\lautaro.iriart\Desktop\Procesamiento de imagenes digitales\imagenes\380\OCR_Placa.jpg,284.jpg
C:\Users\lautaro.iriart\Desktop\Procesamiento de imagenes digitales\imagenes\381\OCR_Placa.jpg,285.jpg
C:\Users\lautaro.iriart\Desktop\Procesamiento de imagenes digitales\imagenes\382\OCR_Placa.jpg,286.jpg
C:\Users\lautaro.iriart\Desktop\Procesamiento de imagenes digitales\imagenes\383\OCR_Placa.jpg,287.jpg
C:\Users\lautaro.iriart\Desktop\Procesamiento de imagenes digitales\imagenes\384\OCR_Placa.jpg,288.jpg
C:\Users\lautaro.iriart\Desktop\Procesamiento de imagenes digitales\imagenes\385\OCR_Placa.jpg,289.jpg
C:\Users\lautaro.iriart\Desktop\Procesamiento de imagenes digitales\imagenes\386\OCR_Placa.jpg,290.jpg
C:\Users\lautaro.iriart\Desktop\Procesamiento de imagenes digitales\imagenes\387\OCR_Placa.jpg,291.jpg
C:\Users\lautaro.iriart\Desktop\Procesamiento de imagenes digitales\imagenes\388\OCR_Placa.jpg,292.jpg
C:\Users\lautaro.iriart\Desktop\Procesamiento de imagenes digitales\imagenes\389\OCR_Placa.jpg,293.jpg
C:\Users\lautaro.iriart\Desktop\Procesamiento de imagenes digitales\imagenes\39\OCR_Placa.jpg,294.jpg
C:\Users\lautaro.iriart\Desktop\Procesamiento de imagenes digitales\imagenes\390\OCR_Placa.jpg,295.jpg
C:\Users\lautaro.iriart\Desktop\Procesamiento de imagenes digitales\imagenes\392\OCR_Placa.jpg,296.jpg
C:\Users\lautaro.iriart\Desktop\Procesamiento de imagenes digitales\imagenes\393\OCR_Placa.jpg,297.jpg
C:\Users\lautaro.iriart\Desktop\Procesamiento de imagenes digitales\imagenes\394\OCR_Placa.jpg,298.jpg
C:\Users\lautaro.iriart\Desktop\Procesamiento de imagenes digitales\imagenes\395\OCR_Placa.jpg,299.jpg
C:\Users\lautaro.iriart\Desktop\Procesamiento de imagenes digitales\imagenes\396\OCR_Placa.jpg,300.jpg
C:\Users\lautaro.iriart\Desktop\Procesamiento de imagenes digitales\imagenes\397\OCR_Placa.jpg,301.jpg
C:\Users\lautaro.iriart\Desktop\Procesamiento de imagenes digitales\imagenes\398\OCR_Placa.jpg,302.jpg
C:\Users\lautaro.iriart\Desktop\Procesamiento de imagenes digitales\imagenes\399\OCR_Placa.jpg,303.jpg
C:\Users\lautaro.iriart\Desktop\Procesamiento de imagenes digitales\imagenes\4\OCR_Placa.jpg,304.jpg
C:\Users\lautaro.iriart\Desktop\Procesamiento de imagenes digitales\imagenes\40\OCR_Placa.jpg,305.jpg
C:\Users\lautaro.iriart\Desktop\Procesamiento de imagenes digitales\imagenes\400\OCR_Placa.jpg,306.jpg
C:\Users\lautaro.iriart\Desktop\Procesamiento de imagenes digitales\imagenes\401\OCR_Placa.jpg,307.jpg
C:\Users\lautaro.iriart\Desktop\Procesamiento de imagenes digitales\imagenes\402\OCR_Placa.jpg,308.jpg
C:\Users\lautaro.iriart\Desktop\Procesamiento de imagenes digitales\imagenes\403\OCR_Placa.jpg,309.jpg
C:\Users\lautaro.iriart\Desktop\Procesamiento de imagenes digitales\imagenes\404\OCR_Placa.jpg,310.jpg
C:\Users\lautaro.iriart\Desktop\Procesamiento de imagenes digitales\imagenes\405\OCR_Placa.jpg,311.jpg
C:\Users\lautaro.iriart\Desktop\Procesamiento de imagenes digitales\imagenes\406\OCR_Placa.jpg,312.jpg
C:\Users\lautaro.iriart\Desktop\Procesamiento de imagenes digitales\imagenes\407\OCR_Placa.jpg,313.jpg
C:\Users\lautaro.iriart\Desktop\Procesamiento de imagenes digitales\imagenes\408\OCR_Placa.jpg,314.jpg
C:\Users\lautaro.iriart\Desktop\Procesamiento de imagenes digitales\imagenes\409\OCR_Placa.jpg,315.jpg
C:\Users\lautaro.iriart\Desktop\Procesamiento de imagenes digitales\imagenes\41\OCR_Placa.jpg,316.jpg
C:\Users\lautaro.iriart\Desktop\Procesamiento de imagenes digitales\imagenes\410\OCR_Placa.jpg,317.jpg
C:\Users\lautaro.iriart\Desktop\Procesamiento de imagenes digitales\imagenes\411\OCR_Placa.jpg,318.jpg
C:\Users\lautaro.iriart\Desktop\Procesamiento de imagenes digitales\imagenes\413\OCR_Placa.jpg,319.jpg
C:\Users\lautaro.iriart\Desktop\Procesamiento de imagenes digitales\imagenes\414\OCR_Placa.jpg,320.jpg
C:\Users\lautaro.iriart\Desktop\Procesamiento de imagenes digitales\imagenes\415\OCR_Placa.jpg,321.jpg
C:\Users\lautaro.iriart\Desktop\Procesamiento de imagenes digitales\imagenes\416\OCR_Placa.jpg,322.jpg
C:\Users\lautaro.iriart\Desktop\Procesamiento de imagenes digitales\imagenes\417\OCR_Placa.jpg,323.jpg
C:\Users\lautaro.iriart\Desktop\Procesamiento de imagenes digitales\imagenes\418\OCR_Placa.jpg,324.jpg
C:\Users\lautaro.iriart\Desktop\Procesamiento de imagenes digitales\imagenes\42\OCR_Placa.jpg,325.jpg
C:\Users\lautaro.iriart\Desktop\Procesamiento de imagenes digitales\imagenes\420\OCR_Placa.jpg,326.jpg
C:\Users\lautaro.iriart\Desktop\Procesamiento de imagenes digitales\imagenes\421\OCR_Placa.jpg,327.jpg
C:\Users\lautaro.iriart\Desktop\Procesamiento de imagenes digitales\imagenes\422\OCR_Placa.jpg,328.jpg
C:\Users\lautaro.iriart\Desktop\Procesamiento de imagenes digitales\imagenes\423\OCR_Placa.jpg,329.jpg
C:\Users\lautaro.iriart\Desktop\Procesamiento de imagenes digitales\imagenes\424\OCR_Placa.jpg,330.jpg
C:\Users\lautaro.iriart\Desktop\Procesamiento de imagenes digitales\imagenes\425\OCR_Placa.jpg,331.jpg
C:\Users\lautaro.iriart\Desktop\Procesamiento de imagenes digitales\imagenes\426\OCR_Placa.jpg,332.jpg
C:\Users\lautaro.iriart\Desktop\Procesamiento de imagenes digitales\imagenes\428\OCR_Placa.jpg,333.jpg
C:\Users\lautaro.iriart\Desktop\Procesamiento de imagenes digitales\imagenes\429\OCR_Placa.jpg,334.jpg
C:\Users\lautaro.iriart\Desktop\Procesamiento de imagenes digitales\imagenes\43\OCR_Placa.jpg,335.jpg
C:\Users\lautaro.iriart\Desktop\Procesamiento de imagenes digitales\imagenes\430\OCR_Placa.jpg,336.jpg
C:\Users\lautaro.iriart\Desktop\Procesamiento de imagenes digitales\imagenes\431\OCR_Placa.jpg,337.jpg
C:\Users\lautaro.iriart\Desktop\Procesamiento de imagenes digitales\imagenes\432\OCR_Placa.jpg,338.jpg
C:\Users\lautaro.iriart\Desktop\Procesamiento de imagenes digitales\imagenes\433\OCR_Placa.jpg,339.jpg
C:\Users\lautaro.iriart\Desktop\Procesamiento de imagenes digitales\imagenes\434\OCR_Placa.jpg,340.jpg
C:\Users\lautaro.iriart\Desktop\Procesamiento de imagenes digitales\imagenes\435\OCR_Placa.jpg,341.jpg
C:\Users\lautaro.iriart\Desktop\Procesamiento de imagenes digitales\imagenes\436\OCR_Placa.jpg,342.jpg
C:\Users\lautaro.iriart\Desktop\Procesamiento de imagenes digitales\imagenes\437\OCR_Placa.jpg,343.jpg
C:\Users\lautaro.iriart\Desktop\Procesamiento de imagenes digitales\imagenes\438\OCR_Placa.jpg,344.jpg
C:\Users\lautaro.iriart\Desktop\Procesamiento de imagenes digitales\imagenes\439\OCR_Placa.jpg,345.jpg
C:\Users\lautaro.iriart\Desktop\Procesamiento de imagenes digitales\imagenes\44\OCR_Placa.jpg,346.jpg
C:\Users\lautaro.iriart\Desktop\Procesamiento de imagenes digitales\imagenes\440\OCR_Placa.jpg,347.jpg
C:\Users\lautaro.iriart\Desktop\Procesamiento de imagenes digitales\imagenes\441\OCR_Placa.jpg,348.jpg
C:\Users\lautaro.iriart\Desktop\Procesamiento de imagenes digitales\imagenes\442\OCR_Placa.jpg,349.jpg
C:\Users\lautaro.iriart\Desktop\Procesamiento de imagenes digitales\imagenes\443\OCR_Placa.jpg,350.jpg
C:\Users\lautaro.iriart\Desktop\Procesamiento de imagenes digitales\imagenes\444\OCR_Placa.jpg,351.jpg
C:\Users\lautaro.iriart\Desktop\Procesamiento de imagenes digitales\imagenes\445\OCR_Placa.jpg,352.jpg
C:\Users\lautaro.iriart\Desktop\Procesamiento de imagenes digitales\imagenes\446\OCR_Placa.jpg,353.jpg
C:\Users\lautaro.iriart\Desktop\Procesamiento de imagenes digitales\imagenes\447\OCR_Placa.jpg,354.jpg
C:\Users\lautaro.iriart\Desktop\Procesamiento de imagenes digitales\imagenes\448\OCR_Placa.jpg,355.jpg
C:\Users\lautaro.iriart\Desktop\Procesamiento de imagenes digitales\imagenes\449\OCR_Placa.jpg,356.jpg
C:\Users\lautaro.iriart\Desktop\Procesamiento de imagenes digitales\imagenes\45\OCR_Placa.jpg,357.jpg
C:\Users\lautaro.iriart\Desktop\Procesamiento de imagenes digitales\imagenes\450\OCR_Placa.jpg,358.jpg
C:\Users\lautaro.iriart\Desktop\Procesamiento de imagenes digitales\imagenes\451\OCR_Placa.jpg,359.jpg
C:\Users\lautaro.iriart\Desktop\Procesamiento de imagenes digitales\imagenes\453\OCR_Placa.jpg,360.jpg
C:\Users\lautaro.iriart\Desktop\Procesamiento de imagenes digitales\imagenes\454\OCR_Placa.jpg,361.jpg
C:\Users\lautaro.iriart\Desktop\Procesamiento de imagenes digitales\imagenes\455\OCR_Placa.jpg,362.jpg
C:\Users\lautaro.iriart\Desktop\Procesamiento de imagenes digitales\imagenes\456\OCR_Placa.jpg,363.jpg
C:\Users\lautaro.iriart\Desktop\Procesamiento de imagenes digitales\imagenes\457\OCR_Placa.jpg,364.jpg
C:\Users\lautaro.iriart\Desktop\Procesamiento de imagenes digitales\imagenes\458\OCR_Placa.jpg,365.jpg
C:\Users\lautaro.iriart\Desktop\Procesamiento de imagenes digitales\imagenes\459\OCR_Placa.jpg,366.jpg
C:\Users\lautaro.iriart\Desktop\Procesamiento de imagenes digitales\imagenes\46\OCR_Placa.jpg,367.jpg
C:\Users\lautaro.iriart\Desktop\Procesamiento de imagenes digitales\imagenes\460\OCR_Placa.jpg,368.jpg
C:\Users\lautaro.iriart\Desktop\Procesamiento de imagenes digitales\imagenes\461\OCR_Placa.jpg,369.jpg
C:\Users\lautaro.iriart\Desktop\Procesamiento de imagenes digitales\imagenes\462\OCR_Placa.jpg,370.jpg
C:\Users\lautaro.iriart\Desktop\Procesamiento de imagenes digitales\imagenes\463\OCR_Placa.jpg,371.jpg
C:\Users\lautaro.iriart\Desktop\Procesamiento de imagenes digitales\imagenes\464\OCR_Placa.jpg,372.jpg
C:\Users\lautaro.iriart\Desktop\Procesamiento de imagenes digitales\imagenes\465\OCR_Placa.jpg,373.jpg
C:\Users\lautaro.iriart\Desktop\Procesamiento de imagenes digitales\imagenes\466\OCR_Placa.jpg,374.jpg
C:\Users\lautaro.iriart\Desktop\Procesamiento de imagenes digitales\imagenes\467\OCR_Placa.jpg,375.jpg
C:\Users\lautaro.iriart\Desktop\Procesamiento de imagenes digitales\imagenes\468\OCR_Placa.jpg,376.jpg
C:\Users\lautaro.iriart\Desktop\Procesamiento de imagenes digitales\imagenes\469\OCR_Placa.jpg,377.jpg
C:\Users\lautaro.iriart\Desktop\Procesamiento de imagenes digitales\imagenes\47\OCR_Placa.jpg,378.jpg
C:\Users\lautaro.iriart\Desktop\Procesamiento de imagenes digitales\imagenes\470\OCR_Placa.jpg,379.jpg
C:\Users\lautaro.iriart\Desktop\Procesamiento de imagenes digitales\imagenes\471\OCR_Placa.jpg,380.jpg
C:\Users\lautaro.iriart\Desktop\Procesamiento de imagenes digitales\imagenes\472\OCR_Placa.jpg,381.jpg
C:\Users\lautaro.iriart\Desktop\Procesamiento de imagenes digitales\imagenes\473\OCR_Placa.jpg,382.jpg
C:\Users\lautaro.iriart\Desktop\Procesamiento de imagenes digitales\imagenes\474\OCR_Placa.jpg,383.jpg
C:\Users\lautaro.iriart\Desktop\Procesamiento de imagenes digitales\imagenes\475\OCR_Placa.jpg,384.jpg
C:\Users\lautaro.iriart\Desktop\Procesamiento de imagenes digitales\imagenes\477\OCR_Placa.jpg,385.jpg
C:\Users\lautaro.iriart\Desktop\Procesamiento de imagenes digitales\imagenes\478\OCR_Placa.jpg,386.jpg
C:\Users\lautaro.iriart\Desktop\Procesamiento de imagenes digitales\imagenes\479\OCR_Placa.jpg,387.jpg
C:\Users\lautaro.iriart\Desktop\Procesamiento de imagenes digitales\imagenes\48\OCR_Placa.jpg,388.jpg
C:\Users\lautaro.iriart\Desktop\Procesamiento de imagenes digitales\imagenes\480\OCR_Placa.jpg,389.jpg
C:\Users\lautaro.iriart\Desktop\Procesamiento de imagenes digitales\imagenes\481\OCR_Placa.jpg,390.jpg
C:\Users\lautaro.iriart\Desktop\Procesamiento de imagenes digitales\imagenes\482\OCR_Placa.jpg,391.jpg
C:\Users\lautaro.iriart\Desktop\Procesamiento de imagenes digitales\imagenes\483\OCR_Placa.jpg,392.jpg
C:\Users\lautaro.iriart\Desktop\Procesamiento de imagenes digitales\imagenes\484\OCR_Placa.jpg,393.jpg
C:\Users\lautaro.iriart\Desktop\Procesamiento de imagenes digitales\imagenes\485\OCR_Placa.jpg,394.jpg
C:\Users\lautaro.iriart\Desktop\Procesamiento de imagenes digitales\imagenes\486\OCR_Placa.jpg,395.jpg
C:\Users\lautaro.iriart\Desktop\Procesamiento de imagenes digitales\imagenes\487\OCR_Placa.jpg,396.jpg
C:\Users\lautaro.iriart\Desktop\Procesamiento de imagenes digitales\imagenes\488\OCR_Placa.jpg,397.jpg
C:\Users\lautaro.iriart\Desktop\Procesamiento de imagenes digitales\imagenes\489\OCR_Placa.jpg,398.jpg
C:\Users\lautaro.iriart\Desktop\Procesamiento de imagenes digitales\imagenes\49\OCR_Placa.jpg,399.jpg
C:\Users\lautaro.iriart\Desktop\Procesamiento de imagenes digitales\imagenes\490\OCR_Placa.jpg,400.jpg
C:\Users\lautaro.iriart\Desktop\Procesamiento de imagenes digitales\imagenes\491\OCR_Placa.jpg,401.jpg
C:\Users\lautaro.iriart\Desktop\Procesamiento de imagenes digitales\imagenes\492\OCR_Placa.jpg,402.jpg
C:\Users\lautaro.iriart\Desktop\Procesamiento de imagenes digitales\imagenes\493\OCR_Placa.jpg,403.jpg
C:\Users\lautaro.iriart\Desktop\Procesamiento de imagenes digitales\imagenes\494\OCR_Placa.jpg,404.jpg
C:\Users\lautaro.iriart\Desktop\Procesamiento de imagenes digitales\imagenes\495\OCR_Placa.jpg,405.jpg
C:\Users\lautaro.iriart\Desktop\Procesamiento de imagenes digitales\imagenes\496\OCR_Placa.jpg,406.jpg
C:\Users\lautaro.iriart\Desktop\Procesamiento de imagenes digitales\imagenes\497\OCR_Placa.jpg,407.jpg
C:\Users\lautaro.iriart\Desktop\Procesamiento de imagenes digitales\imagenes\498\OCR_Placa.jpg,408.jpg
C:\Users\lautaro.iriart\Desktop\Procesamiento de imagenes digitales\imagenes\499\OCR_Placa.jpg,409.jpg
C:\Users\lautaro.iriart\Desktop\Procesamiento de imagenes digitales\imagenes\5\OCR_Placa.jpg,410.jpg
C:\Users\lautaro.iriart\Desktop\Procesamiento de imagenes digitales\imagenes\50\OCR_Placa.jpg,411.jpg
C:\Users\lautaro.iriart\Desktop\Procesamiento de imagenes digitales\imagenes\500\OCR_Placa.jpg,412.jpg
C:\Users\lautaro.iriart\Desktop\Procesamiento de imagenes digitales\imagenes\501\OCR_Placa.jpg,413.jpg
C:\Users\lautaro.iriart\Desktop\Procesamiento de imagenes digitales\imagenes\502\OCR_Placa.jpg,414.jpg
C:\Users\lautaro.iriart\Desktop\Procesamiento de imagenes digitales\imagenes\503\OCR_Placa.jpg,415.jpg
C:\Users\lautaro.iriart\Desktop\Procesamiento de imagenes digitales\imagenes\504\OCR_Placa.jpg,416.jpg
C:\Users\lautaro.iriart\Desktop\Procesamiento de imagenes digitales\imagenes\505\OCR_Placa.jpg,417.jpg
C:\Users\lautaro.iriart\Desktop\Procesamiento de imagenes digitales\imagenes\506\OCR_Placa.jpg,418.jpg
C:\Users\lautaro.iriart\Desktop\Procesamiento de imagenes digitales\imagenes\507\OCR_Placa.jpg,419.jpg
C:\Users\lautaro.iriart\Desktop\Procesamiento de imagenes digitales\imagenes\508\OCR_Placa.jpg,420.jpg
C:\Users\lautaro.iriart\Desktop\Procesamiento de imagenes digitales\imagenes\509\OCR_Placa.jpg,421.jpg
C:\Users\lautaro.iriart\Desktop\Procesamiento de imagenes digitales\imagenes\51\OCR_Placa.jpg,422.jpg
C:\Users\lautaro.iriart\Desktop\Procesamiento de imagenes digitales\imagenes\510\OCR_Placa.jpg,423.jpg
C:\Users\lautaro.iriart\Desktop\Procesamiento de imagenes digitales\imagenes\511\OCR_Placa.jpg,424.jpg
C:\Users\lautaro.iriart\Desktop\Procesamiento de imagenes digitales\imagenes\512\OCR_Placa.jpg,425.jpg
C:\Users\lautaro.iriart\Desktop\Procesamiento de imagenes digitales\imagenes\513\OCR_Placa.jpg,426.jpg
C:\Users\lautaro.iriart\Desktop\Procesamiento de imagenes digitales\imagenes\514\OCR_Placa.jpg,427.jpg
C:\Users\lautaro.iriart\Desktop\Procesamiento de imagenes digitales\imagenes\515\OCR_Placa.jpg,428.jpg
C:\Users\lautaro.iriart\Desktop\Procesamiento de imagenes digitales\imagenes\516\OCR_Placa.jpg,429.jpg
C:\Users\lautaro.iriart\Desktop\Procesamiento de imagenes digitales\imagenes\517\OCR_Placa.jpg,430.jpg
C:\Users\lautaro.iriart\Desktop\Procesamiento de imagenes digitales\imagenes\518\OCR_Placa.jpg,431.jpg
C:\Users\lautaro.iriart\Desktop\Procesamiento de imagenes digitales\imagenes\519\OCR_Placa.jpg,432.jpg
C:\Users\lautaro.iriart\Desktop\Procesamiento de imagenes digitales\imagenes\52\OCR_Placa.jpg,433.jpg
C:\Users\lautaro.iriart\Desktop\Procesamiento de imagenes digitales\imagenes\520\OCR_Placa.jpg,434.jpg
C:\Users\lautaro.iriart\Desktop\Procesamiento de imagenes digitales\imagenes\521\OCR_Placa.jpg,435.jpg
C:\Users\lautaro.iriart\Desktop\Procesamiento de imagenes digitales\imagenes\522\OCR_Placa.jpg,436.jpg
C:\Users\lautaro.iriart\Desktop\Procesamiento de imagenes digitales\imagenes\523\OCR_Placa.jpg,437.jpg
C:\Users\lautaro.iriart\Desktop\Procesamiento de imagenes digitales\imagenes\524\OCR_Placa.jpg,438.jpg
C:\Users\lautaro.iriart\Desktop\Procesamiento de imagenes digitales\imagenes\525\OCR_Placa.jpg,439.jpg
C:\Users\lautaro.iriart\Desktop\Procesamiento de imagenes digitales\imagenes\526\OCR_Placa.jpg,440.jpg
C:\Users\lautaro.iriart\Desktop\Procesamiento de imagenes digitales\imagenes\527\OCR_Placa.jpg,441.jpg
C:\Users\lautaro.iriart\Desktop\Procesamiento de imagenes digitales\imagenes\528\OCR_Placa.jpg,442.jpg
C:\Users\lautaro.iriart\Desktop\Procesamiento de imagenes digitales\imagenes\529\OCR_Placa.jpg,443.jpg
C:\Users\lautaro.iriart\Desktop\Procesamiento de imagenes digitales\imagenes\53\OCR_Placa.jpg,444.jpg
C:\Users\lautaro.iriart\Desktop\Procesamiento de imagenes digitales\imagenes\530\OCR_Placa.jpg,445.jpg
C:\Users\lautaro.iriart\Desktop\Procesamiento de imagenes digitales\imagenes\532\OCR_Placa.jpg,446.jpg
C:\Users\lautaro.iriart\Desktop\Procesamiento de imagenes digitales\imagenes\533\OCR_Placa.jpg,447.jpg
C:\Users\lautaro.iriart\Desktop\Procesamiento de imagenes digitales\imagenes\534\OCR_Placa.jpg,448.jpg
C:\Users\lautaro.iriart\Desktop\Procesamiento de imagenes digitales\imagenes\536\OCR_Placa.jpg,449.jpg
C:\Users\lautaro.iriart\Desktop\Procesamiento de imagenes digitales\imagenes\537\OCR_Placa.jpg,450.jpg
C:\Users\lautaro.iriart\Desktop\Procesamiento de imagenes digitales\imagenes\538\OCR_Placa.jpg,451.jpg
C:\Users\lautaro.iriart\Desktop\Procesamiento de imagenes digitales\imagenes\54\OCR_Placa.jpg,452.jpg
C:\Users\lautaro.iriart\Desktop\Procesamiento de imagenes digitales\imagenes\541\OCR_Placa.jpg,453.jpg
C:\Users\lautaro.iriart\Desktop\Procesamiento de imagenes digitales\imagenes\542\OCR_Placa.jpg,454.jpg
C:\Users\lautaro.iriart\Desktop\Procesamiento de imagenes digitales\imagenes\543\OCR_Placa.jpg,455.jpg
C:\Users\lautaro.iriart\Desktop\Procesamiento de imagenes digitales\imagenes\544\OCR_Placa.jpg,456.jpg
C:\Users\lautaro.iriart\Desktop\Procesamiento de imagenes digitales\imagenes\545\OCR_Placa.jpg,457.jpg
C:\Users\lautaro.iriart\Desktop\Procesamiento de imagenes digitales\imagenes\547\OCR_Placa.jpg,458.jpg
C:\Users\lautaro.iriart\Desktop\Procesamiento de imagenes digitales\imagenes\548\OCR_Placa.jpg,459.jpg
C:\Users\lautaro.iriart\Desktop\Procesamiento de imagenes digitales\imagenes\549\OCR_Placa.jpg,460.jpg
C:\Users\lautaro.iriart\Desktop\Procesamiento de imagenes digitales\imagenes\550\OCR_Placa.jpg,461.jpg
C:\Users\lautaro.iriart\Desktop\Procesamiento de imagenes digitales\imagenes\551\OCR_Placa.jpg,462.jpg
C:\Users\lautaro.iriart\Desktop\Procesamiento de imagenes digitales\imagenes\552\OCR_Placa.jpg,463.jpg
C:\Users\lautaro.iriart\Desktop\Procesamiento de imagenes digitales\imagenes\553\OCR_Placa.jpg,464.jpg
C:\Users\lautaro.iriart\Desktop\Procesamiento de imagenes digitales\imagenes\554\OCR_Placa.jpg,465.jpg
C:\Users\lautaro.iriart\Desktop\Procesamiento de imagenes digitales\imagenes\555\OCR_Placa.jpg,466.jpg
C:\Users\lautaro.iriart\Desktop\Procesamiento de imagenes digitales\imagenes\556\OCR_Placa.jpg,467.jpg
C:\Users\lautaro.iriart\Desktop\Procesamiento de imagenes digitales\imagenes\557\OCR_Placa.jpg,468.jpg
C:\Users\lautaro.iriart\Desktop\Procesamiento de imagenes digitales\imagenes\558\OCR_Placa.jpg,469.jpg
C:\Users\lautaro.iriart\Desktop\Procesamiento de imagenes digitales\imagenes\559\OCR_Placa.jpg,470.jpg
C:\Users\lautaro.iriart\Desktop\Procesamiento de imagenes digitales\imagenes\56\OCR_Placa.jpg,471.jpg
C:\Users\lautaro.iriart\Desktop\Procesamiento de imagenes digitales\imagenes\560\OCR_Placa.jpg,472.jpg
C:\Users\lautaro.iriart\Desktop\Procesamiento de imagenes digitales\imagenes\561\OCR_Placa.jpg,473.jpg
C:\Users\lautaro.iriart\Desktop\Procesamiento de imagenes digitales\imagenes\562\OCR_Placa.jpg,474.jpg
C:\Users\lautaro.iriart\Desktop\Procesamiento de imagenes digitales\imagenes\563\OCR_Placa.jpg,475.jpg
C:\Users\lautaro.iriart\Desktop\Procesamiento de imagenes digitales\imagenes\564\OCR_Placa.jpg,476.jpg
C:\Users\lautaro.iriart\Desktop\Procesamiento de imagenes digitales\imagenes\565\OCR_Placa.jpg,477.jpg
C:\Users\lautaro.iriart\Desktop\Procesamiento de imagenes digitales\imagenes\566\OCR_Placa.jpg,478.jpg
C:\Users\lautaro.iriart\Desktop\Procesamiento de imagenes digitales\imagenes\568\OCR_Placa.jpg,479.jpg
C:\Users\lautaro.iriart\Desktop\Procesamiento de imagenes digitales\imagenes\569\OCR_Placa.jpg,480.jpg
C:\Users\lautaro.iriart\Desktop\Procesamiento de imagenes digitales\imagenes\57\OCR_Placa.jpg,481.jpg
C:\Users\lautaro.iriart\Desktop\Procesamiento de imagenes digitales\imagenes\570\OCR_Placa.jpg,482.jpg
C:\Users\lautaro.iriart\Desktop\Procesamiento de imagenes digitales\imagenes\571\OCR_Placa.jpg,483.jpg
C:\Users\lautaro.iriart\Desktop\Procesamiento de imagenes digitales\imagenes\572\OCR_Placa.jpg,484.jpg
C:\Users\lautaro.iriart\Desktop\Procesamiento de imagenes digitales\imagenes\573\OCR_Placa.jpg,485.jpg
C:\Users\lautaro.iriart\Desktop\Procesamiento de imagenes digitales\imagenes\574\OCR_Placa.jpg,486.jpg
C:\Users\lautaro.iriart\Desktop\Procesamiento de imagenes digitales\imagenes\575\OCR_Placa.jpg,487.jpg
C:\Users\lautaro.iriart\Desktop\Procesamiento de imagenes digitales\imagenes\576\OCR_Placa.jpg,488.jpg
C:\Users\lautaro.iriart\Desktop\Procesamiento de imagenes digitales\imagenes\577\OCR_Placa.jpg,489.jpg
C:\Users\lautaro.iriart\Desktop\Procesamiento de imagenes digitales\imagenes\578\OCR_Placa.jpg,490.jpg
C:\Users\lautaro.iriart\Desktop\Procesamiento de imagenes digitales\imagenes\579\OCR_Placa.jpg,491.jpg
C:\Users\lautaro.iriart\Desktop\Procesamiento de imagenes digitales\imagenes\58\OCR_Placa.jpg,492.jpg
C:\Users\lautaro.iriart\Desktop\Procesamiento de imagenes digitales\imagenes\580\OCR_Placa.jpg,493.jpg
C:\Users\lautaro.iriart\Desktop\Procesamiento de imagenes digitales\imagenes\581\OCR_Placa.jpg,494.jpg
C:\Users\lautaro.iriart\Desktop\Procesamiento de imagenes digitales\imagenes\582\OCR_Placa.jpg,495.jpg
C:\Users\lautaro.iriart\Desktop\Procesamiento de imagenes digitales\imagenes\583\OCR_Placa.jpg,496.jpg
C:\Users\lautaro.iriart\Desktop\Procesamiento de imagenes digitales\imagenes\584\OCR_Placa.jpg,497.jpg
C:\Users\lautaro.iriart\Desktop\Procesamiento de imagenes digitales\imagenes\585\OCR_Placa.jpg,498.jpg
C:\Users\lautaro.iriart\Desktop\Procesamiento de imagenes digitales\imagenes\586\OCR_Placa.jpg,499.jpg
C:\Users\lautaro.iriart\Desktop\Procesamiento de imagenes digitales\imagenes\587\OCR_Placa.jpg,500.jpg
C:\Users\lautaro.iriart\Desktop\Procesamiento de imagenes digitales\imagenes\588\OCR_Placa.jpg,501.jpg
C:\Users\lautaro.iriart\Desktop\Procesamiento de imagenes digitales\imagenes\589\OCR_Placa.jpg,502.jpg
C:\Users\lautaro.iriart\Desktop\Procesamiento de imagenes digitales\imagenes\59\OCR_Placa.jpg,503.jpg
C:\Users\lautaro.iriart\Desktop\Procesamiento de imagenes digitales\imagenes\590\OCR_Placa.jpg,504.jpg
C:\Users\lautaro.iriart\Desktop\Procesamiento de imagenes digitales\imagenes\591\OCR_Placa.jpg,505.jpg
C:\Users\lautaro.iriart\Desktop\Procesamiento de imagenes digitales\imagenes\592\OCR_Placa.jpg,506.jpg
C:\Users\lautaro.iriart\Desktop\Procesamiento de imagenes digitales\imagenes\593\OCR_Placa.jpg,507.jpg
C:\Users\lautaro.iriart\Desktop\Procesamiento de imagenes digitales\imagenes\595\OCR_Placa.jpg,508.jpg
C:\Users\lautaro.iriart\Desktop\Procesamiento de imagenes digitales\imagenes\596\OCR_Placa.jpg,509.jpg
C:\Users\lautaro.iriart\Desktop\Procesamiento de imagenes digitales\imagenes\597\OCR_Placa.jpg,510.jpg
C:\Users\lautaro.iriart\Desktop\Procesamiento de imagenes digitales\imagenes\598\OCR_Placa.jpg,511.jpg
C:\Users\lautaro.iriart\Desktop\Procesamiento de imagenes digitales\imagenes\599\OCR_Placa.jpg,512.jpg
C:\Users\lautaro.iriart\Desktop\Procesamiento de imagenes digitales\imagenes\6\OCR_Placa.jpg,513.jpg
C:\Users\lautaro.iriart\Desktop\Procesamiento de imagenes digitales\imagenes\60\OCR_Placa.jpg,514.jpg
C:\Users\lautaro.iriart\Desktop\Procesamiento de imagenes digitales\imagenes\600\OCR_Placa.jpg,515.jpg
C:\Users\lautaro.iriart\Desktop\Procesamiento de imagenes digitales\imagenes\601\OCR_Placa.jpg,516.jpg
C:\Users\lautaro.iriart\Desktop\Procesamiento de imagenes digitales\imagenes\602\OCR_Placa.jpg,517.jpg
C:\Users\lautaro.iriart\Desktop\Procesamiento de imagenes digitales\imagenes\603\OCR_Placa.jpg,518.jpg
C:\Users\lautaro.iriart\Desktop\Procesamiento de imagenes digitales\imagenes\604\OCR_Placa.jpg,519.jpg
C:\Users\lautaro.iriart\Desktop\Procesamiento de imagenes digitales\imagenes\605\OCR_Placa.jpg,520.jpg
C:\Users\lautaro.iriart\Desktop\Procesamiento de imagenes digitales\imagenes\606\OCR_Placa.jpg,521.jpg
C:\Users\lautaro.iriart\Desktop\Procesamiento de imagenes digitales\imagenes\607\OCR_Placa.jpg,522.jpg
C:\Users\lautaro.iriart\Desktop\Procesamiento de imagenes digitales\imagenes\608\OCR_Placa.jpg,523.jpg
C:\Users\lautaro.iriart\Desktop\Procesamiento de imagenes digitales\imagenes\609\OCR_Placa.jpg,524.jpg
C:\Users\lautaro.iriart\Desktop\Procesamiento de imagenes digitales\imagenes\61\OCR_Placa.jpg,525.jpg
C:\Users\lautaro.iriart\Desktop\Procesamiento de imagenes digitales\imagenes\610\OCR_Placa.jpg,526.jpg
C:\Users\lautaro.iriart\Desktop\Procesamiento de imagenes digitales\imagenes\611\OCR_Placa.jpg,527.jpg
C:\Users\lautaro.iriart\Desktop\Procesamiento de imagenes digitales\imagenes\612\OCR_Placa.jpg,528.jpg
C:\Users\lautaro.iriart\Desktop\Procesamiento de imagenes digitales\imagenes\613\OCR_Placa.jpg,529.jpg
C:\Users\lautaro.iriart\Desktop\Procesamiento de imagenes digitales\imagenes\614\OCR_Placa.jpg,530.jpg
C:\Users\lautaro.iriart\Desktop\Procesamiento de imagenes digitales\imagenes\615\OCR_Placa.jpg,531.jpg
C:\Users\lautaro.iriart\Desktop\Procesamiento de imagenes digitales\imagenes\616\OCR_Placa.jpg,532.jpg
C:\Users\lautaro.iriart\Desktop\Procesamiento de imagenes digitales\imagenes\617\OCR_Placa.jpg,533.jpg
C:\Users\lautaro.iriart\Desktop\Procesamiento de imagenes digitales\imagenes\618\OCR_Placa.jpg,534.jpg
C:\Users\lautaro.iriart\Desktop\Procesamiento de imagenes digitales\imagenes\619\OCR_Placa.jpg,535.jpg
C:\Users\lautaro.iriart\Desktop\Procesamiento de imagenes digitales\imagenes\62\OCR_Placa.jpg,536.jpg
C:\Users\lautaro.iriart\Desktop\Procesamiento de imagenes digitales\imagenes\620\OCR_Placa.jpg,537.jpg
C:\Users\lautaro.iriart\Desktop\Procesamiento de imagenes digitales\imagenes\621\OCR_Placa.jpg,538.jpg
C:\Users\lautaro.iriart\Desktop\Procesamiento de imagenes digitales\imagenes\622\OCR_Placa.jpg,539.jpg
C:\Users\lautaro.iriart\Desktop\Procesamiento de imagenes digitales\imagenes\623\OCR_Placa.jpg,540.jpg
C:\Users\lautaro.iriart\Desktop\Procesamiento de imagenes digitales\imagenes\624\OCR_Placa.jpg,541.jpg
C:\Users\lautaro.iriart\Desktop\Procesamiento de imagenes digitales\imagenes\625\OCR_Placa.jpg,542.jpg
C:\Users\lautaro.iriart\Desktop\Procesamiento de imagenes digitales\imagenes\626\OCR_Placa.jpg,543.jpg
C:\Users\lautaro.iriart\Desktop\Procesamiento de imagenes digitales\imagenes\627\OCR_Placa.jpg,544.jpg
C:\Users\lautaro.iriart\Desktop\Procesamiento de imagenes digitales\imagenes\628\OCR_Placa.jpg,545.jpg
C:\Users\lautaro.iriart\Desktop\Procesamiento de imagenes digitales\imagenes\629\OCR_Placa.jpg,546.jpg
C:\Users\lautaro.iriart\Desktop\Procesamiento de imagenes digitales\imagenes\630\OCR_Placa.jpg,547.jpg
C:\Users\lautaro.iriart\Desktop\Procesamiento de imagenes digitales\imagenes\631\OCR_Placa.jpg,548.jpg
C:\Users\lautaro.iriart\Desktop\Procesamiento de imagenes digitales\imagenes\632\OCR_Placa.jpg,549.jpg
C:\Users\lautaro.iriart\Desktop\Procesamiento de imagenes digitales\imagenes\633\OCR_Placa.jpg,550.jpg
C:\Users\lautaro.iriart\Desktop\Procesamiento de imagenes digitales\imagenes\634\OCR_Placa.jpg,551.jpg
C:\Users\lautaro.iriart\Desktop\Procesamiento de imagenes digitales\imagenes\635\OCR_Placa.jpg,552.jpg
C:\Users\lautaro.iriart\Desktop\Procesamiento de imagenes digitales\imagenes\636\OCR_Placa.jpg,553.jpg
C:\Users\lautaro.iriart\Desktop\Procesamiento de imagenes digitales\imagenes\637\OCR_Placa.jpg,554.jpg
C:\Users\lautaro.iriart\Desktop\Procesamiento de imagenes digitales\imagenes\638\OCR_Placa.jpg,555.jpg
C:\Users\lautaro.iriart\Desktop\Procesamiento de imagenes digitales\imagenes\639\OCR_Placa.jpg,556.jpg
C:\Users\lautaro.iriart\Desktop\Procesamiento de imagenes digitales\imagenes\640\OCR_Placa.jpg,557.jpg
C:\Users\lautaro.iriart\Desktop\Procesamiento de imagenes digitales\imagenes\641\OCR_Placa.jpg,558.jpg
C:\Users\lautaro.iriart\Desktop\Procesamiento de imagenes digitales\imagenes\642\OCR_Placa.jpg,559.jpg
C:\Users\lautaro.iriart\Desktop\Procesamiento de imagenes digitales\imagenes\643\OCR_Placa.jpg,560.jpg
C:\Users\lautaro.iriart\Desktop\Procesamiento de imagenes digitales\imagenes\644\OCR_Placa.jpg,561.jpg
C:\Users\lautaro.iriart\Desktop\Procesamiento de imagenes digitales\imagenes\645\OCR_Placa.jpg,562.jpg
C:\Users\lautaro.iriart\Desktop\Procesamiento de imagenes digitales\imagenes\646\OCR_Placa.jpg,563.jpg
C:\Users\lautaro.iriart\Desktop\Procesamiento de imagenes digitales\imagenes\647\OCR_Placa.jpg,564.jpg
C:\Users\lautaro.iriart\Desktop\Procesamiento de imagenes digitales\imagenes\648\OCR_Placa.jpg,565.jpg
C:\Users\lautaro.iriart\Desktop\Procesamiento de imagenes digitales\imagenes\649\OCR_Placa.jpg,566.jpg
C:\Users\lautaro.iriart\Desktop\Procesamiento de imagenes digitales\imagenes\65\OCR_Placa.jpg,567.jpg
C:\Users\lautaro.iriart\Desktop\Procesamiento de imagenes digitales\imagenes\650\OCR_Placa.jpg,568.jpg
C:\Users\lautaro.iriart\Desktop\Procesamiento de imagenes digitales\imagenes\651\OCR_Placa.jpg,569.jpg
C:\Users\lautaro.iriart\Desktop\Procesamiento de imagenes digitales\imagenes\652\OCR_Placa.jpg,570.jpg
C:\Users\lautaro.iriart\Desktop\Procesamiento de imagenes digitales\imagenes\653\OCR_Placa.jpg,571.jpg
C:\Users\lautaro.iriart\Desktop\Procesamiento de imagenes digitales\imagenes\654\OCR_Placa.jpg,572.jpg
C:\Users\lautaro.iriart\Desktop\Procesamiento de imagenes digitales\imagenes\655\OCR_Placa.jpg,573.jpg
C:\Users\lautaro.iriart\Desktop\Procesamiento de imagenes digitales\imagenes\657\OCR_Placa.jpg,574.jpg
C:\Users\lautaro.iriart\Desktop\Procesamiento de imagenes digitales\imagenes\658\OCR_Placa.jpg,575.jpg
C:\Users\lautaro.iriart\Desktop\Procesamiento de imagenes digitales\imagenes\659\OCR_Placa.jpg,576.jpg
C:\Users\lautaro.iriart\Desktop\Procesamiento de imagenes digitales\imagenes\66\OCR_Placa.jpg,577.jpg
C:\Users\lautaro.iriart\Desktop\Procesamiento de imagenes digitales\imagenes\660\OCR_Placa.jpg,578.jpg
C:\Users\lautaro.iriart\Desktop\Procesamiento de imagenes digitales\imagenes\661\OCR_Placa.jpg,579.jpg
C:\Users\lautaro.iriart\Desktop\Procesamiento de imagenes digitales\imagenes\662\OCR_Placa.jpg,580.jpg
C:\Users\lautaro.iriart\Desktop\Procesamiento de imagenes digitales\imagenes\663\OCR_Placa.jpg,581.jpg
C:\Users\lautaro.iriart\Desktop\Procesamiento de imagenes digitales\imagenes\664\OCR_Placa.jpg,582.jpg
C:\Users\lautaro.iriart\Desktop\Procesamiento de imagenes digitales\imagenes\665\OCR_Placa.jpg,583.jpg
C:\Users\lautaro.iriart\Desktop\Procesamiento de imagenes digitales\imagenes\666\OCR_Placa.jpg,584.jpg
C:\Users\lautaro.iriart\Desktop\Procesamiento de imagenes digitales\imagenes\667\OCR_Placa.jpg,585.jpg
C:\Users\lautaro.iriart\Desktop\Procesamiento de imagenes digitales\imagenes\668\OCR_Placa.jpg,586.jpg
C:\Users\lautaro.iriart\Desktop\Procesamiento de imagenes digitales\imagenes\669\OCR_Placa.jpg,587.jpg
C:\Users\lautaro.iriart\Desktop\Procesamiento de imagenes digitales\imagenes\67\OCR_Placa.jpg,588.jpg
C:\Users\lautaro.iriart\Desktop\Procesamiento de imagenes digitales\imagenes\670\OCR_Placa.jpg,589.jpg
C:\Users\lautaro.iriart\Desktop\Procesamiento de imagenes digitales\imagenes\671\OCR_Placa.jpg,590.jpg
C:\Users\lautaro.iriart\Desktop\Procesamiento de imagenes digitales\imagenes\672\OCR_Placa.jpg,591.jpg
C:\Users\lautaro.iriart\Desktop\Procesamiento de imagenes digitales\imagenes\673\OCR_Placa.jpg,592.jpg
C:\Users\lautaro.iriart\Desktop\Procesamiento de imagenes digitales\imagenes\674\OCR_Placa.jpg,593.jpg
C:\Users\lautaro.iriart\Desktop\Procesamiento de imagenes digitales\imagenes\675\OCR_Placa.jpg,594.jpg
C:\Users\lautaro.iriart\Desktop\Procesamiento de imagenes digitales\imagenes\676\OCR_Placa.jpg,595.jpg
C:\Users\lautaro.iriart\Desktop\Procesamiento de imagenes digitales\imagenes\677\OCR_Placa.jpg,596.jpg
C:\Users\lautaro.iriart\Desktop\Procesamiento de imagenes digitales\imagenes\678\OCR_Placa.jpg,597.jpg
C:\Users\lautaro.iriart\Desktop\Procesamiento de imagenes digitales\imagenes\679\OCR_Placa.jpg,598.jpg
C:\Users\lautaro.iriart\Desktop\Procesamiento de imagenes digitales\imagenes\68\OCR_Placa.jpg,599.jpg
C:\Users\lautaro.iriart\Desktop\Procesamiento de imagenes digitales\imagenes\680\OCR_Placa.jpg,600.jpg
C:\Users\lautaro.iriart\Desktop\Procesamiento de imagenes digitales\imagenes\681\OCR_Placa.jpg,601.jpg
C:\Users\lautaro.iriart\Desktop\Procesamiento de imagenes digitales\imagenes\682\OCR_Placa.jpg,602.jpg
C:\Users\lautaro.iriart\Desktop\Procesamiento de imagenes digitales\imagenes\683\OCR_Placa.jpg,603.jpg
C:\Users\lautaro.iriart\Desktop\Procesamiento de imagenes digitales\imagenes\684\OCR_Placa.jpg,604.jpg
C:\Users\lautaro.iriart\Desktop\Procesamiento de imagenes digitales\imagenes\685\OCR_Placa.jpg,605.jpg
C:\Users\lautaro.iriart\Desktop\Procesamiento de imagenes digitales\imagenes\686\OCR_Placa.jpg,606.jpg
C:\Users\lautaro.iriart\Desktop\Procesamiento de imagenes digitales\imagenes\687\OCR_Placa.jpg,607.jpg
C:\Users\lautaro.iriart\Desktop\Procesamiento de imagenes digitales\imagenes\688\OCR_Placa.jpg,608.jpg
C:\Users\lautaro.iriart\Desktop\Procesamiento de imagenes digitales\imagenes\689\OCR_Placa.jpg,609.jpg
C:\Users\lautaro.iriart\Desktop\Procesamiento de imagenes digitales\imagenes\69\OCR_Placa.jpg,610.jpg
C:\Users\lautaro.iriart\Desktop\Procesamiento de imagenes digitales\imagenes\690\OCR_Placa.jpg,611.jpg
C:\Users\lautaro.iriart\Desktop\Procesamiento de imagenes digitales\imagenes\691\OCR_Placa.jpg,612.jpg
C:\Users\lautaro.iriart\Desktop\Procesamiento de imagenes digitales\imagenes\692\OCR_Placa.jpg,613.jpg
C:\Users\lautaro.iriart\Desktop\Procesamiento de imagenes digitales\imagenes\693\OCR_Placa.jpg,614.jpg
C:\Users\lautaro.iriart\Desktop\Procesamiento de imagenes digitales\imagenes\694\OCR_Placa.jpg,615.jpg
C:\Users\lautaro.iriart\Desktop\Procesamiento de imagenes digitales\imagenes\695\OCR_Placa.jpg,616.jpg
C:\Users\lautaro.iriart\Desktop\Procesamiento de imagenes digitales\imagenes\696\OCR_Placa.jpg,617.jpg
C:\Users\lautaro.iriart\Desktop\Procesamiento de imagenes digitales\imagenes\698\OCR_Placa.jpg,618.jpg
C:\Users\lautaro.iriart\Desktop\Procesamiento de imagenes digitales\imagenes\699\OCR_Placa.jpg,619.jpg
C:\Users\lautaro.iriart\Desktop\Procesamiento de imagenes digitales\imagenes\7\OCR_Placa.jpg,620.jpg
C:\Users\lautaro.iriart\Desktop\Procesamiento de imagenes digitales\imagenes\70\OCR_Placa.jpg,621.jpg
C:\Users\lautaro.iriart\Desktop\Procesamiento de imagenes digitales\imagenes\700\OCR_Placa.jpg,622.jpg
C:\Users\lautaro.iriart\Desktop\Procesamiento de imagenes digitales\imagenes\701\OCR_Placa.jpg,623.jpg
C:\Users\lautaro.iriart\Desktop\Procesamiento de imagenes digitales\imagenes\702\OCR_Placa.jpg,624.jpg
C:\Users\lautaro.iriart\Desktop\Procesamiento de imagenes digitales\imagenes\703\OCR_Placa.jpg,625.jpg
C:\Users\lautaro.iriart\Desktop\Procesamiento de imagenes digitales\imagenes\704\OCR_Placa.jpg,626.jpg
C:\Users\lautaro.iriart\Desktop\Procesamiento de imagenes digitales\imagenes\705\OCR_Placa.jpg,627.jpg
C:\Users\lautaro.iriart\Desktop\Procesamiento de imagenes digitales\imagenes\706\OCR_Placa.jpg,628.jpg
C:\Users\lautaro.iriart\Desktop\Procesamiento de imagenes digitales\imagenes\709\OCR_Placa.jpg,629.jpg
C:\Users\lautaro.iriart\Desktop\Procesamiento de imagenes digitales\imagenes\71\OCR_Placa.jpg,630.jpg
C:\Users\lautaro.iriart\Desktop\Procesamiento de imagenes digitales\imagenes\710\OCR_Placa.jpg,631.jpg
C:\Users\lautaro.iriart\Desktop\Procesamiento de imagenes digitales\imagenes\711\OCR_Placa.jpg,632.jpg
C:\Users\lautaro.iriart\Desktop\Procesamiento de imagenes digitales\imagenes\712\OCR_Placa.jpg,633.jpg
C:\Users\lautaro.iriart\Desktop\Procesamiento de imagenes digitales\imagenes\713\OCR_Placa.jpg,634.jpg
C:\Users\lautaro.iriart\Desktop\Procesamiento de imagenes digitales\imagenes\714\OCR_Placa.jpg,635.jpg
C:\Users\lautaro.iriart\Desktop\Procesamiento de imagenes digitales\imagenes\715\OCR_Placa.jpg,636.jpg
C:\Users\lautaro.iriart\Desktop\Procesamiento de imagenes digitales\imagenes\716\OCR_Placa.jpg,637.jpg
C:\Users\lautaro.iriart\Desktop\Procesamiento de imagenes digitales\imagenes\717\OCR_Placa.jpg,638.jpg
C:\Users\lautaro.iriart\Desktop\Procesamiento de imagenes digitales\imagenes\718\OCR_Placa.jpg,639.jpg
C:\Users\lautaro.iriart\Desktop\Procesamiento de imagenes digitales\imagenes\719\OCR_Placa.jpg,640.jpg
C:\Users\lautaro.iriart\Desktop\Procesamiento de imagenes digitales\imagenes\72\OCR_Placa.jpg,641.jpg
C:\Users\lautaro.iriart\Desktop\Procesamiento de imagenes digitales\imagenes\720\OCR_Placa.jpg,642.jpg
C:\Users\lautaro.iriart\Desktop\Procesamiento de imagenes digitales\imagenes\721\OCR_Placa.jpg,643.jpg
C:\Users\lautaro.iriart\Desktop\Procesamiento de imagenes digitales\imagenes\723\OCR_Placa.jpg,644.jpg
C:\Users\lautaro.iriart\Desktop\Procesamiento de imagenes digitales\imagenes\724\OCR_Placa.jpg,645.jpg
C:\Users\lautaro.iriart\Desktop\Procesamiento de imagenes digitales\imagenes\725\OCR_Placa.jpg,646.jpg
C:\Users\lautaro.iriart\Desktop\Procesamiento de imagenes digitales\imagenes\726\OCR_Placa.jpg,647.jpg
C:\Users\lautaro.iriart\Desktop\Procesamiento de imagenes digitales\imagenes\727\OCR_Placa.jpg,648.jpg
C:\Users\lautaro.iriart\Desktop\Procesamiento de imagenes digitales\imagenes\728\OCR_Placa.jpg,649.jpg
C:\Users\lautaro.iriart\Desktop\Procesamiento de imagenes digitales\imagenes\729\OCR_Placa.jpg,650.jpg
C:\Users\lautaro.iriart\Desktop\Procesamiento de imagenes digitales\imagenes\73\OCR_Placa.jpg,651.jpg
C:\Users\lautaro.iriart\Desktop\Procesamiento de imagenes digitales\imagenes\730\OCR_Placa.jpg,652.jpg
C:\Users\lautaro.iriart\Desktop\Procesamiento de imagenes digitales\imagenes\731\OCR_Placa.jpg,653.jpg
C:\Users\lautaro.iriart\Desktop\Procesamiento de imagenes digitales\imagenes\732\OCR_Placa.jpg,654.jpg
C:\Users\lautaro.iriart\Desktop\Procesamiento de imagenes digitales\imagenes\733\OCR_Placa.jpg,655.jpg
C:\Users\lautaro.iriart\Desktop\Procesamiento de imagenes digitales\imagenes\734\OCR_Placa.jpg,656.jpg
C:\Users\lautaro.iriart\Desktop\Procesamiento de imagenes digitales\imagenes\735\OCR_Placa.jpg,657.jpg
C:\Users\lautaro.iriart\Desktop\Procesamiento de imagenes digitales\imagenes\736\OCR_Placa.jpg,658.jpg
C:\Users\lautaro.iriart\Desktop\Procesamiento de imagenes digitales\imagenes\737\OCR_Placa.jpg,659.jpg
C:\Users\lautaro.iriart\Desktop\Procesamiento de imagenes digitales\imagenes\738\OCR_Placa.jpg,660.jpg
C:\Users\lautaro.iriart\Desktop\Procesamiento de imagenes digitales\imagenes\739\OCR_Placa.jpg,661.jpg
C:\Users\lautaro.iriart\Desktop\Procesamiento de imagenes digitales\imagenes\74\OCR_Placa.jpg,662.jpg
C:\Users\lautaro.iriart\Desktop\Procesamiento de imagenes digitales\imagenes\740\OCR_Placa.jpg,663.jpg
C:\Users\lautaro.iriart\Desktop\Procesamiento de imagenes digitales\imagenes\741\OCR_Placa.jpg,664.jpg
C:\Users\lautaro.iriart\Desktop\Procesamiento de imagenes digitales\imagenes\742\OCR_Placa.jpg,665.jpg
C:\Users\lautaro.iriart\Desktop\Procesamiento de imagenes digitales\imagenes\743\OCR_Placa.jpg,666.jpg
C:\Users\lautaro.iriart\Desktop\Procesamiento de imagenes digitales\imagenes\744\OCR_Placa.jpg,667.jpg
C:\Users\lautaro.iriart\Desktop\Procesamiento de imagenes digitales\imagenes\745\OCR_Placa.jpg,668.jpg
C:\Users\lautaro.iriart\Desktop\Procesamiento de imagenes digitales\imagenes\746\OCR_Placa.jpg,669.jpg
C:\Users\lautaro.iriart\Desktop\Procesamiento de imagenes digitales\imagenes\747\OCR_Placa.jpg,670.jpg
C:\Users\lautaro.iriart\Desktop\Procesamiento de imagenes digitales\imagenes\748\OCR_Placa.jpg,671.jpg
C:\Users\lautaro.iriart\Desktop\Procesamiento de imagenes digitales\imagenes\749\OCR_Placa.jpg,672.jpg
C:\Users\lautaro.iriart\Desktop\Procesamiento de imagenes digitales\imagenes\750\OCR_Placa.jpg,673.jpg
C:\Users\lautaro.iriart\Desktop\Procesamiento de imagenes digitales\imagenes\751\OCR_Placa.jpg,674.jpg
C:\Users\lautaro.iriart\Desktop\Procesamiento de imagenes digitales\imagenes\752\OCR_Placa.jpg,675.jpg
C:\Users\lautaro.iriart\Desktop\Procesamiento de imagenes digitales\imagenes\753\OCR_Placa.jpg,676.jpg
C:\Users\lautaro.iriart\Desktop\Procesamiento de imagenes digitales\imagenes\754\OCR_Placa.jpg,677.jpg
C:\Users\lautaro.iriart\Desktop\Procesamiento de imagenes digitales\imagenes\755\OCR_Placa.jpg,678.jpg
C:\Users\lautaro.iriart\Desktop\Procesamiento de imagenes digitales\imagenes\757\OCR_Placa.jpg,679.jpg
C:\Users\lautaro.iriart\Desktop\Procesamiento de imagenes digitales\imagenes\758\OCR_Placa.jpg,680.jpg
C:\Users\lautaro.iriart\Desktop\Procesamiento de imagenes digitales\imagenes\759\OCR_Placa.jpg,681.jpg
C:\Users\lautaro.iriart\Desktop\Procesamiento de imagenes digitales\imagenes\76\OCR_Placa.jpg,682.jpg
C:\Users\lautaro.iriart\Desktop\Procesamiento de imagenes digitales\imagenes\760\OCR_Placa.jpg,683.jpg
C:\Users\lautaro.iriart\Desktop\Procesamiento de imagenes digitales\imagenes\761\OCR_Placa.jpg,684.jpg
C:\Users\lautaro.iriart\Desktop\Procesamiento de imagenes digitales\imagenes\762\OCR_Placa.jpg,685.jpg
C:\Users\lautaro.iriart\Desktop\Procesamiento de imagenes digitales\imagenes\763\OCR_Placa.jpg,686.jpg
C:\Users\lautaro.iriart\Desktop\Procesamiento de imagenes digitales\imagenes\764\OCR_Placa.jpg,687.jpg
C:\Users\lautaro.iriart\Desktop\Procesamiento de imagenes digitales\imagenes\765\OCR_Placa.jpg,688.jpg
C:\Users\lautaro.iriart\Desktop\Procesamiento de imagenes digitales\imagenes\766\OCR_Placa.jpg,689.jpg
C:\Users\lautaro.iriart\Desktop\Procesamiento de imagenes digitales\imagenes\767\OCR_Placa.jpg,690.jpg
C:\Users\lautaro.iriart\Desktop\Procesamiento de imagenes digitales\imagenes\768\OCR_Placa.jpg,691.jpg
C:\Users\lautaro.iriart\Desktop\Procesamiento de imagenes digitales\imagenes\769\OCR_Placa.jpg,692.jpg
C:\Users\lautaro.iriart\Desktop\Procesamiento de imagenes digitales\imagenes\77\OCR_Placa.jpg,693.jpg
C:\Users\lautaro.iriart\Desktop\Procesamiento de imagenes digitales\imagenes\770\OCR_Placa.jpg,694.jpg
C:\Users\lautaro.iriart\Desktop\Procesamiento de imagenes digitales\imagenes\773\OCR_Placa.jpg,695.jpg
C:\Users\lautaro.iriart\Desktop\Procesamiento de imagenes digitales\imagenes\774\OCR_Placa.jpg,696.jpg
C:\Users\lautaro.iriart\Desktop\Procesamiento de imagenes digitales\imagenes\775\OCR_Placa.jpg,697.jpg
C:\Users\lautaro.iriart\Desktop\Procesamiento de imagenes digitales\imagenes\776\OCR_Placa.jpg,698.jpg
C:\Users\lautaro.iriart\Desktop\Procesamiento de imagenes digitales\imagenes\777\OCR_Placa.jpg,699.jpg
C:\Users\lautaro.iriart\Desktop\Procesamiento de imagenes digitales\imagenes\778\OCR_Placa.jpg,700.jpg
C:\Users\lautaro.iriart\Desktop\Procesamiento de imagenes digitales\imagenes\779\OCR_Placa.jpg,701.jpg
C:\Users\lautaro.iriart\Desktop\Procesamiento de imagenes digitales\imagenes\78\OCR_Placa.jpg,702.jpg
C:\Users\lautaro.iriart\Desktop\Procesamiento de imagenes digitales\imagenes\781\OCR_Placa.jpg,703.jpg
C:\Users\lautaro.iriart\Desktop\Procesamiento de imagenes digitales\imagenes\782\OCR_Placa.jpg,704.jpg
C:\Users\lautaro.iriart\Desktop\Procesamiento de imagenes digitales\imagenes\783\OCR_Placa.jpg,705.jpg
C:\Users\lautaro.iriart\Desktop\Procesamiento de imagenes digitales\imagenes\785\OCR_Placa.jpg,706.jpg
C:\Users\lautaro.iriart\Desktop\Procesamiento de imagenes digitales\imagenes\786\OCR_Placa.jpg,707.jpg
C:\Users\lautaro.iriart\Desktop\Procesamiento de imagenes digitales\imagenes\787\OCR_Placa.jpg,708.jpg
C:\Users\lautaro.iriart\Desktop\Procesamiento de imagenes digitales\imagenes\788\OCR_Placa.jpg,709.jpg
C:\Users\lautaro.iriart\Desktop\Procesamiento de imagenes digitales\imagenes\789\OCR_Placa.jpg,710.jpg
C:\Users\lautaro.iriart\Desktop\Procesamiento de imagenes digitales\imagenes\79\OCR_Placa.jpg,711.jpg
C:\Users\lautaro.iriart\Desktop\Procesamiento de imagenes digitales\imagenes\790\OCR_Placa.jpg,712.jpg
C:\Users\lautaro.iriart\Desktop\Procesamiento de imagenes digitales\imagenes\791\OCR_Placa.jpg,713.jpg
C:\Users\lautaro.iriart\Desktop\Procesamiento de imagenes digitales\imagenes\792\OCR_Placa.jpg,714.jpg
C:\Users\lautaro.iriart\Desktop\Procesamiento de imagenes digitales\imagenes\794\OCR_Placa.jpg,715.jpg
C:\Users\lautaro.iriart\Desktop\Procesamiento de imagenes digitales\imagenes\796\OCR_Placa.jpg,716.jpg
C:\Users\lautaro.iriart\Desktop\Procesamiento de imagenes digitales\imagenes\797\OCR_Placa.jpg,717.jpg
C:\Users\lautaro.iriart\Desktop\Procesamiento de imagenes digitales\imagenes\798\OCR_Placa.jpg,718.jpg
C:\Users\lautaro.iriart\Desktop\Procesamiento de imagenes digitales\imagenes\799\OCR_Placa.jpg,719.jpg
C:\Users\lautaro.iriart\Desktop\Procesamiento de imagenes digitales\imagenes\8\OCR_Placa.jpg,720.jpg
C:\Users\lautaro.iriart\Desktop\Procesamiento de imagenes digitales\imagenes\80\OCR_Placa.jpg,721.jpg
C:\Users\lautaro.iriart\Desktop\Procesamiento de imagenes digitales\imagenes\800\OCR_Placa.jpg,722.jpg
C:\Users\lautaro.iriart\Desktop\Procesamiento de imagenes digitales\imagenes\801\OCR_Placa.jpg,723.jpg
C:\Users\lautaro.iriart\Desktop\Procesamiento de imagenes digitales\imagenes\802\OCR_Placa.jpg,724.jpg
C:\Users\lautaro.iriart\Desktop\Procesamiento de imagenes digitales\imagenes\803\OCR_Placa.jpg,725.jpg
C:\Users\lautaro.iriart\Desktop\Procesamiento de imagenes digitales\imagenes\804\OCR_Placa.jpg,726.jpg
C:\Users\lautaro.iriart\Desktop\Procesamiento de imagenes digitales\imagenes\806\OCR_Placa.jpg,727.jpg
C:\Users\lautaro.iriart\Desktop\Procesamiento de imagenes digitales\imagenes\807\OCR_Placa.jpg,728.jpg
C:\Users\lautaro.iriart\Desktop\Procesamiento de imagenes digitales\imagenes\809\OCR_Placa.jpg,729.jpg
C:\Users\lautaro.iriart\Desktop\Procesamiento de imagenes digitales\imagenes\81\OCR_Placa.jpg,730.jpg
C:\Users\lautaro.iriart\Desktop\Procesamiento de imagenes digitales\imagenes\810\OCR_Placa.jpg,731.jpg
C:\Users\lautaro.iriart\Desktop\Procesamiento de imagenes digitales\imagenes\811\OCR_Placa.jpg,732.jpg
C:\Users\lautaro.iriart\Desktop\Procesamiento de imagenes digitales\imagenes\812\OCR_Placa.jpg,733.jpg
C:\Users\lautaro.iriart\Desktop\Procesamiento de imagenes digitales\imagenes\813\OCR_Placa.jpg,734.jpg
C:\Users\lautaro.iriart\Desktop\Procesamiento de imagenes digitales\imagenes\814\OCR_Placa.jpg,735.jpg
C:\Users\lautaro.iriart\Desktop\Procesamiento de imagenes digitales\imagenes\816\OCR_Placa.jpg,736.jpg
C:\Users\lautaro.iriart\Desktop\Procesamiento de imagenes digitales\imagenes\817\OCR_Placa.jpg,737.jpg
C:\Users\lautaro.iriart\Desktop\Procesamiento de imagenes digitales\imagenes\818\OCR_Placa.jpg,738.jpg
C:\Users\lautaro.iriart\Desktop\Procesamiento de imagenes digitales\imagenes\819\OCR_Placa.jpg,739.jpg
C:\Users\lautaro.iriart\Desktop\Procesamiento de imagenes digitales\imagenes\82\OCR_Placa.jpg,740.jpg
C:\Users\lautaro.iriart\Desktop\Procesamiento de imagenes digitales\imagenes\820\OCR_Placa.jpg,741.jpg
C:\Users\lautaro.iriart\Desktop\Procesamiento de imagenes digitales\imagenes\822\OCR_Placa.jpg,742.jpg
C:\Users\lautaro.iriart\Desktop\Procesamiento de imagenes digitales\imagenes\823\OCR_Placa.jpg,743.jpg
C:\Users\lautaro.iriart\Desktop\Procesamiento de imagenes digitales\imagenes\824\OCR_Placa.jpg,744.jpg
C:\Users\lautaro.iriart\Desktop\Procesamiento de imagenes digitales\imagenes\825\OCR_Placa.jpg,745.jpg
C:\Users\lautaro.iriart\Desktop\Procesamiento de imagenes digitales\imagenes\826\OCR_Placa.jpg,746.jpg
C:\Users\lautaro.iriart\Desktop\Procesamiento de imagenes digitales\imagenes\827\OCR_Placa.jpg,747.jpg
C:\Users\lautaro.iriart\Desktop\Procesamiento de imagenes digitales\imagenes\828\OCR_Placa.jpg,748.jpg
C:\Users\lautaro.iriart\Desktop\Procesamiento de imagenes digitales\imagenes\829\OCR_Placa.jpg,749.jpg
C:\Users\lautaro.iriart\Desktop\Procesamiento de imagenes digitales\imagenes\83\OCR_Placa.jpg,750.jpg
C:\Users\lautaro.iriart\Desktop\Procesamiento de imagenes digitales\imagenes\830\OCR_Placa.jpg,751.jpg
C:\Users\lautaro.iriart\Desktop\Procesamiento de imagenes digitales\imagenes\831\OCR_Placa.jpg,752.jpg
C:\Users\lautaro.iriart\Desktop\Procesamiento de imagenes digitales\imagenes\832\OCR_Placa.jpg,753.jpg
C:\Users\lautaro.iriart\Desktop\Procesamiento de imagenes digitales\imagenes\833\OCR_Placa.jpg,754.jpg
C:\Users\lautaro.iriart\Desktop\Procesamiento de imagenes digitales\imagenes\834\OCR_Placa.jpg,755.jpg
C:\Users\lautaro.iriart\Desktop\Procesamiento de imagenes digitales\imagenes\835\OCR_Placa.jpg,756.jpg
C:\Users\lautaro.iriart\Desktop\Procesamiento de imagenes digitales\imagenes\836\OCR_Placa.jpg,757.jpg
C:\Users\lautaro.iriart\Desktop\Procesamiento de imagenes digitales\imagenes\837\OCR_Placa.jpg,758.jpg
C:\Users\lautaro.iriart\Desktop\Procesamiento de imagenes digitales\imagenes\838\OCR_Placa.jpg,759.jpg
C:\Users\lautaro.iriart\Desktop\Procesamiento de imagenes digitales\imagenes\839\OCR_Placa.jpg,760.jpg
C:\Users\lautaro.iriart\Desktop\Procesamiento de imagenes digitales\imagenes\84\OCR_Placa.jpg,761.jpg
C:\Users\lautaro.iriart\Desktop\Procesamiento de imagenes digitales\imagenes\840\OCR_Placa.jpg,762.jpg
C:\Users\lautaro.iriart\Desktop\Procesamiento de imagenes digitales\imagenes\841\OCR_Placa.jpg,763.jpg
C:\Users\lautaro.iriart\Desktop\Procesamiento de imagenes digitales\imagenes\843\OCR_Placa.jpg,764.jpg
C:\Users\lautaro.iriart\Desktop\Procesamiento de imagenes digitales\imagenes\844\OCR_Placa.jpg,765.jpg
C:\Users\lautaro.iriart\Desktop\Procesamiento de imagenes digitales\imagenes\845\OCR_Placa.jpg,766.jpg
C:\Users\lautaro.iriart\Desktop\Procesamiento de imagenes digitales\imagenes\846\OCR_Placa.jpg,767.jpg
C:\Users\lautaro.iriart\Desktop\Procesamiento de imagenes digitales\imagenes\847\OCR_Placa.jpg,768.jpg
C:\Users\lautaro.iriart\Desktop\Procesamiento de imagenes digitales\imagenes\848\OCR_Placa.jpg,769.jpg
C:\Users\lautaro.iriart\Desktop\Procesamiento de imagenes digitales\imagenes\849\OCR_Placa.jpg,770.jpg
C:\Users\lautaro.iriart\Desktop\Procesamiento de imagenes digitales\imagenes\85\OCR_Placa.jpg,771.jpg
C:\Users\lautaro.iriart\Desktop\Procesamiento de imagenes digitales\imagenes\850\OCR_Placa.jpg,772.jpg
C:\Users\lautaro.iriart\Desktop\Procesamiento de imagenes digitales\imagenes\851\OCR_Placa.jpg,773.jpg
C:\Users\lautaro.iriart\Desktop\Procesamiento de imagenes digitales\imagenes\852\OCR_Placa.jpg,774.jpg
C:\Users\lautaro.iriart\Desktop\Procesamiento de imagenes digitales\imagenes\853\OCR_Placa.jpg,775.jpg
C:\Users\lautaro.iriart\Desktop\Procesamiento de imagenes digitales\imagenes\854\OCR_Placa.jpg,776.jpg
C:\Users\lautaro.iriart\Desktop\Procesamiento de imagenes digitales\imagenes\855\OCR_Placa.jpg,777.jpg
C:\Users\lautaro.iriart\Desktop\Procesamiento de imagenes digitales\imagenes\856\OCR_Placa.jpg,778.jpg
C:\Users\lautaro.iriart\Desktop\Procesamiento de imagenes digitales\imagenes\857\OCR_Placa.jpg,779.jpg
C:\Users\lautaro.iriart\Desktop\Procesamiento de imagenes digitales\imagenes\858\OCR_Placa.jpg,780.jpg
C:\Users\lautaro.iriart\Desktop\Procesamiento de imagenes digitales\imagenes\859\OCR_Placa.jpg,781.jpg
C:\Users\lautaro.iriart\Desktop\Procesamiento de imagenes digitales\imagenes\86\OCR_Placa.jpg,782.jpg
C:\Users\lautaro.iriart\Desktop\Procesamiento de imagenes digitales\imagenes\860\OCR_Placa.jpg,783.jpg
C:\Users\lautaro.iriart\Desktop\Procesamiento de imagenes digitales\imagenes\861\OCR_Placa.jpg,784.jpg
C:\Users\lautaro.iriart\Desktop\Procesamiento de imagenes digitales\imagenes\862\OCR_Placa.jpg,785.jpg
C:\Users\lautaro.iriart\Desktop\Procesamiento de imagenes digitales\imagenes\863\OCR_Placa.jpg,786.jpg
C:\Users\lautaro.iriart\Desktop\Procesamiento de imagenes digitales\imagenes\864\OCR_Placa.jpg,787.jpg
C:\Users\lautaro.iriart\Desktop\Procesamiento de imagenes digitales\imagenes\865\OCR_Placa.jpg,788.jpg
C:\Users\lautaro.iriart\Desktop\Procesamiento de imagenes digitales\imagenes\866\OCR_Placa.jpg,789.jpg
C:\Users\lautaro.iriart\Desktop\Procesamiento de imagenes digitales\imagenes\867\OCR_Placa.jpg,790.jpg
C:\Users\lautaro.iriart\Desktop\Procesamiento de imagenes digitales\imagenes\869\OCR_Placa.jpg,791.jpg
C:\Users\lautaro.iriart\Desktop\Procesamiento de imagenes digitales\imagenes\87\OCR_Placa.jpg,792.jpg
C:\Users\lautaro.iriart\Desktop\Procesamiento de imagenes digitales\imagenes\870\OCR_Placa.jpg,793.jpg
C:\Users\lautaro.iriart\Desktop\Procesamiento de imagenes digitales\imagenes\871\OCR_Placa.jpg,794.jpg
C:\Users\lautaro.iriart\Desktop\Procesamiento de imagenes digitales\imagenes\872\OCR_Placa.jpg,795.jpg
C:\Users\lautaro.iriart\Desktop\Procesamiento de imagenes digitales\imagenes\873\OCR_Placa.jpg,796.jpg
C:\Users\lautaro.iriart\Desktop\Procesamiento de imagenes digitales\imagenes\874\OCR_Placa.jpg,797.jpg
C:\Users\lautaro.iriart\Desktop\Procesamiento de imagenes digitales\imagenes\875\OCR_Placa.jpg,798.jpg
C:\Users\lautaro.iriart\Desktop\Procesamiento de imagenes digitales\imagenes\876\OCR_Placa.jpg,799.jpg
C:\Users\lautaro.iriart\Desktop\Procesamiento de imagenes digitales\imagenes\877\OCR_Placa.jpg,800.jpg
C:\Users\lautaro.iriart\Desktop\Procesamiento de imagenes digitales\imagenes\878\OCR_Placa.jpg,801.jpg
C:\Users\lautaro.iriart\Desktop\Procesamiento de imagenes digitales\imagenes\879\OCR_Placa.jpg,802.jpg
C:\Users\lautaro.iriart\Desktop\Procesamiento de imagenes digitales\imagenes\88\OCR_Placa.jpg,803.jpg
C:\Users\lautaro.iriart\Desktop\Procesamiento de imagenes digitales\imagenes\880\OCR_Placa.jpg,804.jpg
C:\Users\lautaro.iriart\Desktop\Procesamiento de imagenes digitales\imagenes\881\OCR_Placa.jpg,805.jpg
C:\Users\lautaro.iriart\Desktop\Procesamiento de imagenes digitales\imagenes\882\OCR_Placa.jpg,806.jpg
C:\Users\lautaro.iriart\Desktop\Procesamiento de imagenes digitales\imagenes\883\OCR_Placa.jpg,807.jpg
C:\Users\lautaro.iriart\Desktop\Procesamiento de imagenes digitales\imagenes\884\OCR_Placa.jpg,808.jpg
C:\Users\lautaro.iriart\Desktop\Procesamiento de imagenes digitales\imagenes\885\OCR_Placa.jpg,809.jpg
C:\Users\lautaro.iriart\Desktop\Procesamiento de imagenes digitales\imagenes\886\OCR_Placa.jpg,810.jpg
C:\Users\lautaro.iriart\Desktop\Procesamiento de imagenes digitales\imagenes\887\OCR_Placa.jpg,811.jpg
C:\Users\lautaro.iriart\Desktop\Procesamiento de imagenes digitales\imagenes\888\OCR_Placa.jpg,812.jpg
C:\Users\lautaro.iriart\Desktop\Procesamiento de imagenes digitales\imagenes\889\OCR_Placa.jpg,813.jpg
C:\Users\lautaro.iriart\Desktop\Procesamiento de imagenes digitales\imagenes\89\OCR_Placa.jpg,814.jpg
C:\Users\lautaro.iriart\Desktop\Procesamiento de imagenes digitales\imagenes\890\OCR_Placa.jpg,815.jpg
C:\Users\lautaro.iriart\Desktop\Procesamiento de imagenes digitales\imagenes\891\OCR_Placa.jpg,816.jpg
C:\Users\lautaro.iriart\Desktop\Procesamiento de imagenes digitales\imagenes\892\OCR_Placa.jpg,817.jpg
C:\Users\lautaro.iriart\Desktop\Procesamiento de imagenes digitales\imagenes\893\OCR_Placa.jpg,818.jpg
C:\Users\lautaro.iriart\Desktop\Procesamiento de imagenes digitales\imagenes\894\OCR_Placa.jpg,819.jpg
C:\Users\lautaro.iriart\Desktop\Procesamiento de imagenes digitales\imagenes\895\OCR_Placa.jpg,820.jpg
C:\Users\lautaro.iriart\Desktop\Procesamiento de imagenes digitales\imagenes\896\OCR_Placa.jpg,821.jpg
C:\Users\lautaro.iriart\Desktop\Procesamiento de imagenes digitales\imagenes\897\OCR_Placa.jpg,822.jpg
C:\Users\lautaro.iriart\Desktop\Procesamiento de imagenes digitales\imagenes\898\OCR_Placa.jpg,823.jpg
C:\Users\lautaro.iriart\Desktop\Procesamiento de imagenes digitales\imagenes\899\OCR_Placa.jpg,824.jpg
C:\Users\lautaro.iriart\Desktop\Procesamiento de imagenes digitales\imagenes\9\OCR_Placa.jpg,825.jpg
C:\Users\lautaro.iriart\Desktop\Procesamiento de imagenes digitales\imagenes\900\OCR_Placa.jpg,826.jpg
C:\Users\lautaro.iriart\Desktop\Procesamiento de imagenes digitales\imagenes\901\OCR_Placa.jpg,827.jpg
C:\Users\lautaro.iriart\Desktop\Procesamiento de imagenes digitales\imagenes\902\OCR_Placa.jpg,828.jpg
C:\Users\lautaro.iriart\Desktop\Procesamiento de imagenes digitales\imagenes\904\OCR_Placa.jpg,829.jpg
C:\Users\lautaro.iriart\Desktop\Procesamiento de imagenes digitales\imagenes\905\OCR_Placa.jpg,830.jpg
C:\Users\lautaro.iriart\Desktop\Procesamiento de imagenes digitales\imagenes\906\OCR_Placa.jpg,831.jpg
C:\Users\lautaro.iriart\Desktop\Procesamiento de imagenes digitales\imagenes\907\OCR_Placa.jpg,832.jpg
C:\Users\lautaro.iriart\Desktop\Procesamiento de imagenes digitales\imagenes\908\OCR_Placa.jpg,833.jpg
C:\Users\lautaro.iriart\Desktop\Procesamiento de imagenes digitales\imagenes\909\OCR_Placa.jpg,834.jpg
C:\Users\lautaro.iriart\Desktop\Procesamiento de imagenes digitales\imagenes\91\OCR_Placa.jpg,835.jpg
C:\Users\lautaro.iriart\Desktop\Procesamiento de imagenes digitales\imagenes\910\OCR_Placa.jpg,836.jpg
C:\Users\lautaro.iriart\Desktop\Procesamiento de imagenes digitales\imagenes\911\OCR_Placa.jpg,837.jpg
C:\Users\lautaro.iriart\Desktop\Procesamiento de imagenes digitales\imagenes\912\OCR_Placa.jpg,838.jpg
C:\Users\lautaro.iriart\Desktop\Procesamiento de imagenes digitales\imagenes\913\OCR_Placa.jpg,839.jpg
C:\Users\lautaro.iriart\Desktop\Procesamiento de imagenes digitales\imagenes\914\OCR_Placa.jpg,840.jpg
C:\Users\lautaro.iriart\Desktop\Procesamiento de imagenes digitales\imagenes\915\OCR_Placa.jpg,841.jpg
C:\Users\lautaro.iriart\Desktop\Procesamiento de imagenes digitales\imagenes\917\OCR_Placa.jpg,842.jpg
C:\Users\lautaro.iriart\Desktop\Procesamiento de imagenes digitales\imagenes\92\OCR_Placa.jpg,843.jpg
C:\Users\lautaro.iriart\Desktop\Procesamiento de imagenes digitales\imagenes\93\OCR_Placa.jpg,844.jpg
C:\Users\lautaro.iriart\Desktop\Procesamiento de imagenes digitales\imagenes\94\OCR_Placa.jpg,845.jpg
C:\Users\lautaro.iriart\Desktop\Procesamiento de imagenes digitales\imagenes\95\OCR_Placa.jpg,846.jpg
C:\Users\lautaro.iriart\Desktop\Procesamiento de imagenes digitales\imagenes\96\OCR_Placa.jpg,847.jpg
C:\Users\lautaro.iriart\Desktop\Procesamiento de imagenes digitales\imagenes\97\OCR_Placa.jpg,848.jpg
C:\Users\lautaro.iriart\Desktop\Procesamiento de imagenes digitales\imagenes\98\OCR_Placa.jpg,849.jpg
C:\Users\lautaro.iriart\Desktop\Procesamiento de imagenes digitales\imagenes\99\OCR_Placa.jpg,850.jpg
